simbolo,descripcion,moneda,mercado,pais,paneles,visto_desde
#MAV010960074,Pagare Ars 02/09/2026,AR$,BCBA,argentina,Letras/Todas,2026-08-29
#MAV031260019,Pagare Ars 04/12/2026,AR$,BCBA,argentina,Letras/Todas,2026-08-29
#MAV031260020,Pagare Ars 04/12/2026,AR$,BCBA,argentina,Letras/Todas,2026-08-29
#MAV031260021,Pagare Ars 04/12/2026,AR$,BCBA,argentina,Letras/Todas,2026-08-29
#MAV031260022,Pagare Ars 04/12/2026,AR$,BCBA,argentina,Letras/Todas,2026-08-29
#MAV031260023,Pagare Ars 04/12/2026,AR$,BCBA,argentina,Letras/Todas,2026-08-29
#MAV041060028,Pagare Ars 06/10/2026,AR$,BCBA,argentina,Letras/Todas,2026-08-29
#MAV041200929,Pagare Ars 10/12/2026,AR$,BCBA,argentina,Letras/Todas,2026-08-29
#MAV091160023,Pagare Ars 10/11/2026,AR$,BCBA,argentina,Letras/Todas,2026-08-29
#MAV100960073,Pagare Ars 11/09/2026,AR$,BCBA,argentina,Letras/Todas,2026-08-29
#MAV101160024,Pagare Ars 11/11/2026,AR$,BCBA,argentina,Letras/Todas,2026-08-29
#MAV150270017,Pagare Ars 16/02/2027,AR$,BCBA,argentina,Letras/Todas,2026-08-29
#MAV150270018,Pagare Ars 16/02/2027,AR$,BCBA,argentina,Letras/Todas,2026-08-29
#MAV150270019,Pagare Ars 16/02/2027,AR$,BCBA,argentina,Letras/Todas,2026-08-29
#MAV150270020,Pagare Ars 16/02/2027,AR$,BCBA,argentina,Letras/Todas,2026-08-29
#MAV150270021,Pagare Ars 16/02/2027,AR$,BCBA,argentina,Letras/Todas,2026-08-29
#MAV150270022,Pagare Ars 16/02/2027,AR$,BCBA,argentina,Letras/Todas,2026-08-29
#MAV171160036,Pagare Ars 18/11/2026,AR$,BCBA,argentina,Letras/Todas,2026-08-29
#MAV241160016,Pagare Ars 25/11/2026,AR$,BCBA,argentina,Letras/Todas,2026-08-29
#MAV241160017,Pagare Ars 25/11/2026,AR$,BCBA,argentina,Letras/Todas,2026-08-29
#MAV270170006,Pagare Ars 28/01/2027,AR$,BCBA,argentina,Letras/Todas,2026-08-29
#MAV290170009,Pagare Ars 01/02/2027,AR$,BCBA,argentina,Letras/Todas,2026-08-29
#MAV290170010,Pagare Ars 01/02/2027,AR$,BCBA,argentina,Letras/Todas,2026-08-29
#MAV290170011,Pagare Ars 01/02/2027,AR$,BCBA,argentina,Letras/Todas,2026-08-29
#MAV310860079,Pagare Ars 01/09/2026,AR$,BCBA,argentina,Letras/Todas,2026-08-29
#UFT110870001,Pagare Usd 13/8/2027,US$,BCBA,argentina,Letras/Todas,2026-08-29
#UMV010960020,Pagare USD 03/09/2026,US$,BCBA,argentina,Letras/Todas,2026-08-29
#UMV010960021,Pagare USD 03/09/2026,US$,BCBA,argentina,Letras/Todas,2026-08-29
#UMV010960029,Pagare USD 03/09/2026,US$,BCBA,argentina,Letras/Todas,2026-08-29
#UMV010960030,Pagare USD 03/09/2026,US$,BCBA,argentina,Letras/Todas,2026-08-29
#UMV021060020,Pagare Usd 06/10/2026,US$,BCBA,argentina,Letras/Todas,2026-08-29
#UMV021060021,Pagare Usd 06/10/2026,US$,BCBA,argentina,Letras/Todas,2026-08-29
#UMV031260011,Pagare Usd 09/12/2026,US$,BCBA,argentina,Letras/Todas,2026-08-29
#UMV031260012,Pagare Usd 09/12/2026,US$,BCBA,argentina,Letras/Todas,2026-08-29
#UMV031260013,Pagare Usd 09/12/2026,US$,BCBA,argentina,Letras/Todas,2026-08-29
#UMV031260014,Pagare Usd 09/12/2026,US$,BCBA,argentina,Letras/Todas,2026-08-29
#UMV031260015,Pagare Usd 09/12/2026,US$,BCBA,argentina,Letras/Todas,2026-08-29
#UMV031260016,Pagare Usd 09/12/2026,US$,BCBA,argentina,Letras/Todas,2026-08-29
#UMV031260018,Pagare Usd 09/12/2026,US$,BCBA,argentina,Letras/Todas,2026-08-29
#UMV031260020,Pagare Usd 09/12/2026,US$,BCBA,argentina,Letras/Todas,2026-08-29
#UMV031260021,Pagare Usd 09/12/2026,US$,BCBA,argentina,Letras/Todas,2026-08-29
#UMV031260022,Pagare Usd 09/12/2026,US$,BCBA,argentina,Letras/Todas,2026-08-29
#UMV031260023,Pagare Usd 09/12/2026,US$,BCBA,argentina,Letras/Todas,2026-08-29
#UMV041060004,Pagare Usd 07/10/2026,US$,BCBA,argentina,Letras/Todas,2026-08-29
#UMV091160028,Pagare Usd 11/11/2026,US$,BCBA,argentina,Letras/Todas,2026-08-29
#UMV100270063,Pagare Usd 12/02/2027,US$,BCBA,argentina,Letras/Todas,2026-08-29
#UMV100270067,Pagare Usd 12/02/2027,US$,BCBA,argentina,Letras/Todas,2026-08-29
#UMV101160053,Pagare Usd 12/11/2026,US$,BCBA,argentina,Letras/Todas,2026-08-29
#UMV150270062,Pagare Usd 17/02/2027,US$,BCBA,argentina,Letras/Todas,2026-08-29
#UMV160960021,Pagare Usd 18/09/2026,US$,BCBA,argentina,Letras/Todas,2026-08-29
#UMV200170071,Pagare Usd 22/01/2027,US$,BCBA,argentina,Letras/Todas,2026-08-29
#UMV210270005,Pagare USD 24/02/2027,US$,BCBA,argentina,Letras/Todas,2026-08-29
#UMV210270006,Pagare USD 24/02/2027,US$,BCBA,argentina,Letras/Todas,2026-08-29
#UMV220270008,Pagare USD 24/02/2027,US$,BCBA,argentina,Letras/Todas,2026-08-29
#UMV230270013,Pagare USD 25/02/2027,US$,BCBA,argentina,Letras/Todas,2026-08-29
#UMV230270014,Pagare USD 25/02/2027,US$,BCBA,argentina,Letras/Todas,2026-08-29
#UMV230270015,Pagare USD 25/02/2027,US$,BCBA,argentina,Letras/Todas,2026-08-29
#UMV230270016,Pagare USD 25/02/2027,US$,BCBA,argentina,Letras/Todas,2026-08-29
#UMV231160020,Pagare USD 26/11/2026,US$,BCBA,argentina,Letras/Todas,2026-08-29
#UMV231160022,Pagare USD 26/11/2026,US$,BCBA,argentina,Letras/Todas,2026-08-29
#UMV241160052,Pagare Usd 26/11/2026,US$,BCBA,argentina,Letras/Todas,2026-08-29
#UMV241160053,Pagare Ars 26/11/2026,US$,BCBA,argentina,Letras/Todas,2026-08-29
#UMV241160054,Pagare Usd 26/11/2026,US$,BCBA,argentina,Letras/Todas,2026-08-29
#UMV251260014,Pagare USD 30/12/2026,US$,BCBA,argentina,Letras/Todas,2026-08-29
#UMV270860006,Pagare Usd 31/08/2026,US$,BCBA,argentina,Letras/Todas,2026-08-29
#UMV290170016,Pagare Usd 02/02/2027,US$,BCBA,argentina,Letras/Todas,2026-08-29
#UMV291260066,Pagare Usd 04/01/2027,US$,BCBA,argentina,Letras/Todas,2026-08-29
#UMV300860012,Pagare USD 02/09/2026,US$,BCBA,argentina,Letras/Todas,2026-08-29
*MAV021001190,Cheque Ars 06/10/2026,AR$,BCBA,argentina,Letras/Todas,2026-08-29
*MAV031001279,Cheque Ars 07/10/2026,AR$,BCBA,argentina,Letras/Todas,2026-08-29
*MAV040901658,Cheque Ars 08/09/2026,AR$,BCBA,argentina,Letras/Todas,2026-08-29
*MAV050901544,Pagare Ars 09/09/2026,AR$,BCBA,argentina,Letras/Todas,2026-08-29
*MAV051001133,Cheque Ars 07/10/2026,AR$,BCBA,argentina,Letras/Todas,2026-08-29
*MAV070901148,Cheque Ars 09/09/2026,AR$,BCBA,argentina,Letras/Todas,2026-08-29
*MAV091001338,Cheque Ars 14/10/2026,AR$,BCBA,argentina,Letras/Todas,2026-08-29
*MAV110901562,Cheque Ars 15/09/2026,AR$,BCBA,argentina,Letras/Todas,2026-08-29
*MAV120901709,Pagare Ars 16/09/2026,AR$,BCBA,argentina,Letras/Todas,2026-08-29
*MAV121000986,Cheque Ars 15/10/2026,AR$,BCBA,argentina,Letras/Todas,2026-08-29
*MAV140901448,Cheque Ars 16/09/2026,AR$,BCBA,argentina,Letras/Todas,2026-08-29
*MAV161001273,Cheque Ars 20/10/2026,AR$,BCBA,argentina,Letras/Todas,2026-08-29
*MAV180901527,Cheque Ars 22/09/2026,AR$,BCBA,argentina,Letras/Todas,2026-08-29
*MAV190901400,Cheque Ars 23/09/2026,AR$,BCBA,argentina,Letras/Todas,2026-08-29
*MAV191000922,Cheque Ars 21/10/2026,AR$,BCBA,argentina,Letras/Todas,2026-08-29
*MAV210901118,Cheque Ars 23/09/2026,AR$,BCBA,argentina,Letras/Todas,2026-08-29
*MAV231001309,Cheque Ars 27/10/2026,AR$,BCBA,argentina,Letras/Todas,2026-08-29
*MAV240901318,Cheque Ars 28/09/2026,AR$,BCBA,argentina,Letras/Todas,2026-08-29
*MAV250901512,Cheque Ars 29/09/2026,AR$,BCBA,argentina,Letras/Todas,2026-08-29
*MAV251101701,Cheque ARS 27/11/2026,AR$,BCBA,argentina,Letras/Todas,2026-08-29
*MAV261000953,Cheque Ars 28/10/2026,AR$,BCBA,argentina,Letras/Todas,2026-08-29
*MAV280801746,Cheque Ars 01/09/2026,AR$,BCBA,argentina,Letras/Todas,2026-08-29
*MAV280901105,Cheque Ars 30/09/2026,AR$,BCBA,argentina,Letras/Todas,2026-08-29
*MAV300902657,Cheque ARS 02/10/2026,AR$,BCBA,argentina,Letras/Todas,2026-08-29
*MAV310801815,Cheque Ars 02/09/2026,AR$,BCBA,argentina,Letras/Todas,2026-08-29
A3,Matba Rofex S.A.,AR$,BCBA,argentina,Acciones/Panel General,2026-08-29
AAL,Cedear American Airlines Group,AR$,BCBA,argentina,Acciones/CEDEARs,2026-08-29
AALC,Cedear American Airlines Group,US$,BCBA,argentina,Acciones/CEDEARs,2026-08-29
AALD,Cedear American Airlines Group,US$,BCBA,argentina,Acciones/CEDEARs,2026-08-29
AAP,Cedear Advance Auto Parts Inc,AR$,BCBA,argentina,Acciones/CEDEARs,2026-08-29
AAPL,Cedear Apple Inc.,AR$,BCBA,argentina,Acciones/CEDEARs,2026-08-29
AAPLC,Cedear Apple Inc.,US$,BCBA,argentina,Acciones/CEDEARs,2026-08-29
AAPLD,Cedear Apple Inc.,US$,BCBA,argentina,Acciones/CEDEARs,2026-08-29
ABBV,Cedear Abbvie Inc.,AR$,BCBA,argentina,Acciones/CEDEARs,2026-08-29
ABBVC,Cedear Abbvie Inc.,US$,BCBA,argentina,Acciones/CEDEARs,2026-08-29
ABBVD,Cedear Abbvie Inc.,US$,BCBA,argentina,Acciones/CEDEARs,2026-08-29
ABEV,Cedear Ambev S.A.,AR$,BCBA,argentina,Acciones/CEDEARs,2026-08-29
ABEV3,Cedear Ambev S.A,AR$,BCBA,argentina,Acciones/CEDEARs,2026-08-29
ABEVC,Cedear Ambev S.A.,US$,BCBA,argentina,Acciones/CEDEARs,2026-08-29
ABEVD,Cedear Ambev S.A.,US$,BCBA,argentina,Acciones/CEDEARs,2026-08-29
ABNB,Cedear Airbnb Inc.,AR$,BCBA,argentina,Acciones/CEDEARs,2026-08-29
ABNBC,Cedear Airbnb Inc.,US$,BCBA,argentina,Acciones/CEDEARs,2026-08-29
ABNBD,Cedear Airbnb Inc.,US$,BCBA,argentina,Acciones/CEDEARs,2026-08-29
ABT,Cedear Abbott Laboratories,AR$,BCBA,argentina,Acciones/CEDEARs,2026-08-29
ABTC,Cedear Abbott Laboratories Esc,US$,BCBA,argentina,Acciones/CEDEARs,2026-08-29
ABTD,Cedear Abbott Laboratories Esc,US$,BCBA,argentina,Acciones/CEDEARs,2026-08-29
ACN,Cedear Accenture Plc,AR$,BCBA,argentina,Acciones/CEDEARs,2026-08-29
ACNC,Cedear Accenture Plc,US$,BCBA,argentina,Acciones/CEDEARs,2026-08-29
ACND,Cedear Accenture Plc,US$,BCBA,argentina,Acciones/CEDEARs,2026-08-29
ACWI,Cedear Ishares Msci Acwi Etf,AR$,BCBA,argentina,Acciones/CEDEARs,2026-08-29
ACWID,Cedear Ishares Msci Acwi Etf,US$,BCBA,argentina,Acciones/CEDEARs,2026-08-29
ADBAICA,Adcap Cobertura,peso_Argentino,bcba,argentina,FCI/Todos,2026-08-29
ADBARFA,Adcap Balanceado XVI,peso_Argentino,bcba,argentina,FCI/Todos,2026-08-29
ADBE,Cedear  Adobe Systems Incorporated,AR$,BCBA,argentina,Acciones/CEDEARs,2026-08-29
ADBEC,Cedear  Adobe Systems Incorporated,US$,BCBA,argentina,Acciones/CEDEARs,2026-08-29
ADBED,Cedear  Adobe Systems Incorpor,US$,BCBA,argentina,Acciones/CEDEARs,2026-08-29
ADCGLOA,Adcap Renta Dólar,dolar_Estadounidense,bcba,argentina,FCI/Todos,2026-08-29
ADCUSAD,Adcap Ahorro Dólares,dolar_Estadounidense,bcba,argentina,FCI/Todos,2026-08-29
ADGO,Cedear Adecoagro S.A.,AR$,BCBA,argentina,Acciones/CEDEARs,2026-08-29
ADGOD,Cedear Adecoagro S.A.,US$,BCBA,argentina,Acciones/CEDEARs,2026-08-29
ADI,Cedear Analog Devices Inc.,AR$,BCBA,argentina,Acciones/CEDEARs,2026-08-29
ADID,Cedear Analog Devices Inc.,US$,BCBA,argentina,Acciones/CEDEARs,2026-08-29
ADP,Cedear Automatic Data Processi,AR$,BCBA,argentina,Acciones/CEDEARs,2026-08-29
ADPD,Cedear Automatic Data Processing Inc,US$,BCBA,argentina,Acciones/CEDEARs,2026-08-29
ADRDOLA,Adcap Ahorro Pesos Fondo De Dinero,peso_Argentino,bcba,argentina,FCI/Todos,2026-08-29
ADS,Cedear Adidas Ag,AR$,BCBA,argentina,Acciones/CEDEARs,2026-08-29
AE38,BONO REP. ARGENTINA USD STEP UP 2038,AR$,BCBA,argentina,Bonos/Soberanos en dólares | Bonos/Todos,2026-08-29
AE38C,BONO REP. ARGENTINA USD STEP UP 2038,US$,BCBA,argentina,Bonos/Soberanos en dólares | Bonos/Todos,2026-08-29
AE38D,Bono Rep. Argentina Usd Step Up 2038,US$,BCBA,argentina,Bonos/Soberanos en dólares | Bonos/Todos,2026-08-29
AEC3D,On Aes Argentina Generacion Cl.3 06/08/28 Usd,US$,BCBA,argentina,ObligacionesNegociables/Todas,2026-08-29
AEC3O,On Aes Argentina Generacion Cl.3 06/08/28 Usd,AR$,BCBA,argentina,ObligacionesNegociables/Todas,2026-08-29
AEG,Cedear Aegon N.V. American Reg,AR$,BCBA,argentina,Acciones/CEDEARs,2026-08-29
AEM,Cedear Agnico Eagle Mines Limi,AR$,BCBA,argentina,Acciones/CEDEARs,2026-08-29
AEMD,Cedear Agnico-Eagle Mines Limi,US$,BCBA,argentina,Acciones/CEDEARs,2026-08-29
AER1O,AEROPUERTOS ARGENTINA 2000 S.A. - Garantizadas Clase I Serie 2020- Vto. 1/2/2027,AR$,BCBA,argentina,ObligacionesNegociables/Todas,2026-08-29
AERBD,On Aerop Arg 2000 11 V15/12/26 U$S Cg,US$,BCBA,argentina,ObligacionesNegociables/Todas,2026-08-29
AERBO,On Aerop Arg 2000 11 V15/12/26 U$S Cg,AR$,BCBA,argentina,ObligacionesNegociables/Todas,2026-08-29
AFCIC,On Banco Comafi Cl.17 07/11/26 Usd,US$,BCBA,argentina,ObligacionesNegociables/Todas,2026-08-29
AFCID,On Banco Comafi Cl.17 07/11/26 Usd,US$,BCBA,argentina,ObligacionesNegociables/Todas,2026-08-29
AFCIO,On Banco Comafi Cl.17 07/11/26 Usd,AR$,BCBA,argentina,ObligacionesNegociables/Todas,2026-08-29
AFCJC,On Banco Comafi Cl.18 06/02/27 Usd,US$,BCBA,argentina,ObligacionesNegociables/Todas,2026-08-29
AFCJD,On Banco Comafi Cl.18 06/02/27 Usd,US$,BCBA,argentina,ObligacionesNegociables/Todas,2026-08-29
AFCJO,On Banco Comafi Cl.18 06/02/27 Usd,AR$,BCBA,argentina,ObligacionesNegociables/Todas,2026-08-29
AFCKC,On Banco Comafi Cl.19 06/02/29 Usd,US$,BCBA,argentina,ObligacionesNegociables/Todas,2026-08-29
AFCKD,On Banco Comafi Cl.19 06/02/29 Usd,US$,BCBA,argentina,ObligacionesNegociables/Todas,2026-08-29
AFCKO,On Banco Comafi Cl.19 06/02/29 Usd,AR$,BCBA,argentina,ObligacionesNegociables/Todas,2026-08-29
AFCNO,On Banco Comafi Cl.22 17/04/27 $,AR$,BCBA,argentina,ObligacionesNegociables/Todas,2026-08-29
AFCPC,On Banco Comafi Cl.24 05/06/28 Usd,US$,BCBA,argentina,ObligacionesNegociables/Todas,2026-08-29
AFCPD,On Banco Comafi Cl.24 05/06/28 Usd,US$,BCBA,argentina,ObligacionesNegociables/Todas,2026-08-29
AFCPO,On Banco Comafi Cl.24 05/06/28 Usd,AR$,BCBA,argentina,ObligacionesNegociables/Todas,2026-08-29
AGRO,Agrometal,AR$,BCBA,argentina,Acciones/Panel General | Acciones/Burcap,2026-08-29
AI,Cedear C3.Ai Inc,AR$,BCBA,argentina,Acciones/CEDEARs,2026-08-29
AIC,Cedear C3.Ai Inc,US$,BCBA,argentina,Acciones/CEDEARs,2026-08-29
AID,Cedear C3.Ai Inc,US$,BCBA,argentina,Acciones/CEDEARs,2026-08-29
AIG,Cedear American International,AR$,BCBA,argentina,Acciones/CEDEARs,2026-08-29
AIGC,Cedear American International,US$,BCBA,argentina,Acciones/CEDEARs,2026-08-29
AIGD,Cedear American International,US$,BCBA,argentina,Acciones/CEDEARs,2026-08-29
AKO.B,Cedear Embotelladora Andina S.A,AR$,BCBA,argentina,Acciones/CEDEARs,2026-08-29
AKOBD,Cedear Embotelladora Andina S.,US$,BCBA,argentina,Acciones/CEDEARs,2026-08-29
AL29,Bono Rep Argentina Usd 1% 2029,AR$,BCBA,argentina,Bonos/Soberanos en dólares | Bonos/Todos,2026-08-29
AL29C,BONO REP ARGENTINA USD 1% 2029,US$,BCBA,argentina,Bonos/Soberanos en dólares | Bonos/Todos,2026-08-29
AL29D,BONO REP ARGENTINA USD 1% 2029,US$,BCBA,argentina,Bonos/Soberanos en dólares | Bonos/Todos,2026-08-29
AL30,Bono Rep. Argentina Usd Step Up 2030,AR$,BCBA,argentina,Bonos/Soberanos en dólares | Bonos/Todos,2026-08-29
AL30C,Bono Rep. Argentina Usd Step Up 2030,US$,BCBA,argentina,Bonos/Soberanos en dólares | Bonos/Todos,2026-08-29
AL30D,Bono Rep. Argentina Usd Step Up 2030,US$,BCBA,argentina,Bonos/Soberanos en dólares | Bonos/Todos,2026-08-29
AL35,Bono Rep. Argentina Usd Step Up 2035,AR$,BCBA,argentina,Bonos/Soberanos en dólares | Bonos/Todos,2026-08-29
AL35C,Bono Rep. Argentina Usd Step Up 2035,US$,BCBA,argentina,Bonos/Soberanos en dólares | Bonos/Todos,2026-08-29
AL35D,Bono Rep. Argentina Usd Step Up 2035,US$,BCBA,argentina,Bonos/Soberanos en dólares | Bonos/Todos,2026-08-29
AL41,BONO REP. ARGENTINA USD STEP UP 2041,AR$,BCBA,argentina,Bonos/Soberanos en dólares | Bonos/Todos,2026-08-29
AL41C,BONO REP. ARGENTINA USD STEP UP 2041,US$,BCBA,argentina,Bonos/Soberanos en dólares | Bonos/Todos,2026-08-29
AL41D,BONO REP. ARGENTINA USD STEP UP 2041,US$,BCBA,argentina,Bonos/Soberanos en dólares | Bonos/Todos,2026-08-29
ALAB,CEDEAR ASTERA LABS INC.,AR$,BCBA,argentina,Acciones/CEDEARs,2026-08-29
ALAD,Cedear Astera Labs Inc.,US$,BCBA,argentina,Acciones/CEDEARs,2026-08-29
ALUA,Aluar,AR$,BCBA,argentina,Acciones/Merval | Acciones/Merval 25 | Acciones/Merval Argentina | Acciones/Burcap,2026-08-29
ALUAD,Aluar,US$,BCBA,argentina,Acciones/Merval Argentina,2026-08-29
AMAT,Cedear Applied Materials Inc.,AR$,BCBA,argentina,Acciones/CEDEARs,2026-08-29
AMATD,Cedear Applied Materials Inc.E,US$,BCBA,argentina,Acciones/CEDEARs,2026-08-29
AMD,"Cedear Advanced Micro Devices,",AR$,BCBA,argentina,Acciones/CEDEARs,2026-08-29
AMDC,"Cedear Advanced Micro Devices,",US$,BCBA,argentina,Acciones/CEDEARs,2026-08-29
AMDD,"Cedear Advanced Micro Devices,",US$,BCBA,argentina,Acciones/CEDEARs,2026-08-29
AMGN,Cedear Amgen Inc.,AR$,BCBA,argentina,Acciones/CEDEARs,2026-08-29
AMGNC,Cedear Amgen Inc.,US$,BCBA,argentina,Acciones/CEDEARs,2026-08-29
AMGND,Cedear Amgen Inc.,US$,BCBA,argentina,Acciones/CEDEARs,2026-08-29
AMX,Cedear America Movil Sab De Cv,AR$,BCBA,argentina,Acciones/CEDEARs,2026-08-29
AMXD,Cedear America Movil Sab De Cv,US$,BCBA,argentina,Acciones/CEDEARs,2026-08-29
AMZN,"Cedear Amazon.Com, Inc",AR$,BCBA,argentina,Acciones/CEDEARs,2026-08-29
AMZNC,"Cedear Amazon.Com, Inc",US$,BCBA,argentina,Acciones/CEDEARs,2026-08-29
AMZND,"Cedear Amazon.Com, Inc",US$,BCBA,argentina,Acciones/CEDEARs,2026-08-29
AN29,"BONO TESORO NACIONAL 6,50% 30/11/29 USD",AR$,BCBA,argentina,Bonos/Todos,2026-08-29
AN29C,"BONO TESORO NACIONAL 6,50% 30/11/29 USD",US$,BCBA,argentina,Bonos/Todos,2026-08-29
AN29D,"BONO TESORO NACIONAL 6,50% 30/11/29 USD",US$,BCBA,argentina,Bonos/Todos,2026-08-29
ANET,CEDEAR ARISTA NETWORKS INC.,AR$,BCBA,argentina,Acciones/CEDEARs,2026-08-29
ANETC,Cedear Arista Networks Inc.,US$,BCBA,argentina,Acciones/CEDEARs,2026-08-29
ANETD,Cedear Arista Networks Inc.,US$,BCBA,argentina,Acciones/CEDEARs,2026-08-29
ANF,Cedear Abercrombie & Fitch Co.,AR$,BCBA,argentina,Acciones/CEDEARs,2026-08-29
ANFD,Cedear Abercrombie & Fitch Co.,US$,BCBA,argentina,Acciones/CEDEARs,2026-08-29
AO27,BONO TESORO NACIONAL 6% 29/10/27 USD,AR$,BCBA,argentina,Bonos/Todos,2026-08-29
AO27C,BONO TESORO NACIONAL 6% 29/10/27 USD,US$,BCBA,argentina,Bonos/Todos,2026-08-29
AO27D,BONO TESORO NACIONAL 6% 29/10/27 USD,US$,BCBA,argentina,Bonos/Todos,2026-08-29
AO28,BONO TESORO NACIONAL 6% 31/10/28 USD,AR$,BCBA,argentina,Bonos/Todos,2026-08-29
AO28C,BONO TESORO NACIONAL 6% 31/10/28 USD,US$,BCBA,argentina,Bonos/Todos,2026-08-29
AO28D,BONO TESORO NACIONAL 6% 31/10/28 USD,US$,BCBA,argentina,Bonos/Todos,2026-08-29
AO29,BONO TESORO NACIONAL 6% 31/10/29 USD,AR$,BCBA,argentina,Bonos/Todos,2026-08-29
AO29C,BONO TESORO NACIONAL 6% 31/10/29 USD,US$,BCBA,argentina,Bonos/Todos,2026-08-29
AO29D,BONO TESORO NACIONAL 6% 31/10/29 USD,US$,BCBA,argentina,Bonos/Todos,2026-08-29
ARC1C,"On Aa2000 Regs 8,5% V.01/08/2031",US$,BCBA,argentina,ObligacionesNegociables/Todas,2026-08-29
ARC1D,"On Aa2000 Regs 8,5% V.01/08/2031",US$,BCBA,argentina,ObligacionesNegociables/Todas,2026-08-29
ARC1O,"On Aa2000 Regs 8,5% V.01/08/2031",AR$,BCBA,argentina,ObligacionesNegociables/Todas,2026-08-29
ARCO,Cedear Arcos Dorados Holdings,AR$,BCBA,argentina,Acciones/CEDEARs,2026-08-29
ARCOC,Cedear Arcos Dorados Holdings,US$,BCBA,argentina,Acciones/CEDEARs,2026-08-29
ARCOD,Cedear Arcos Dorados Holdings,US$,BCBA,argentina,Acciones/CEDEARs,2026-08-29
ARKK,Cedear Ark Innovetion,AR$,BCBA,argentina,Acciones/CEDEARs,2026-08-29
ARKKC,Cedear Ark Innovetion,US$,BCBA,argentina,Acciones/CEDEARs,2026-08-29
ARKKD,Cedear Ark Innovetion,US$,BCBA,argentina,Acciones/CEDEARs,2026-08-29
ARM,Cedear Arm Holdings Plc,AR$,BCBA,argentina,Acciones/CEDEARs,2026-08-29
ARMD,Cedear Arm Holdings Plc,US$,BCBA,argentina,Acciones/CEDEARs,2026-08-29
ASML,Cedear Asml Holding Nv,AR$,BCBA,argentina,Acciones/CEDEARs,2026-08-29
ASMLC,Cedear Asml Holding Nv,US$,BCBA,argentina,Acciones/CEDEARs,2026-08-29
ASMLD,Cedear Asml Holding Nv,US$,BCBA,argentina,Acciones/CEDEARs,2026-08-29
ASR,Cedear Grupo Aeroportuario Del Sureste,AR$,BCBA,argentina,Acciones/CEDEARs,2026-08-29
ASTS,CEDEAR AST SPACEMOBILE INC.,AR$,BCBA,argentina,Acciones/CEDEARs,2026-08-29
ASTSC,Cedear Ast Spacemobile Inc.,US$,BCBA,argentina,Acciones/CEDEARs,2026-08-29
ASTSD,Cedear Ast Spacemobile Inc.,US$,BCBA,argentina,Acciones/CEDEARs,2026-08-29
AUSO,Autopistas del Sol,AR$,BCBA,argentina,Acciones/Panel General | Acciones/Burcap,2026-08-29
AVGO,Cedear Broadcom Inc.,AR$,BCBA,argentina,Acciones/CEDEARs,2026-08-29
AVGOC,Cedear Broadcom Inc.,US$,BCBA,argentina,Acciones/CEDEARs,2026-08-29
AVGOD,Cedear Broadcom Inc.,US$,BCBA,argentina,Acciones/CEDEARs,2026-08-29
AVY,Cedear Avery Dennison Corporation,AR$,BCBA,argentina,Acciones/CEDEARs,2026-08-29
AVYD,Cedear Avery Dennison Corporation,US$,BCBA,argentina,Acciones/CEDEARs,2026-08-29
AXIA,Cedear Axia Energia,AR$,BCBA,argentina,Acciones/CEDEARs,2026-08-29
AXIAD,Cedear Axia Energia,US$,BCBA,argentina,Acciones/CEDEARs,2026-08-29
AXP,Cedear American Express Compan,AR$,BCBA,argentina,Acciones/CEDEARs,2026-08-29
AXPC,Cedear American Express Compan,US$,BCBA,argentina,Acciones/CEDEARs,2026-08-29
AXPD,Cedear American Express Compan,US$,BCBA,argentina,Acciones/CEDEARs,2026-08-29
AZN,Cedear Astrazeneca Plc,AR$,BCBA,argentina,Acciones/CEDEARs,2026-08-29
AZND,Cedear Aztrazeneca Plc Adr,US$,BCBA,argentina,Acciones/CEDEARs,2026-08-29
B,Cedear Barrick Mining Corporation,AR$,BCBA,argentina,Acciones/CEDEARs,2026-08-29
B.C,Cedear Barrick Mining Corporation,US$,BCBA,argentina,Acciones/CEDEARs,2026-08-29
B.D,Cedear Barrick Mining Corporation,US$,BCBA,argentina,Acciones/CEDEARs,2026-08-29
B3S6C,Lt Prov. Chubut S.118 Cl.2 21/09/26 $,US$,BCBA,argentina,Letras/Todas,2026-08-29
B3S6D,Lt Prov. Chubut S.118 Cl.2 21/09/26 $,US$,BCBA,argentina,Letras/Todas,2026-08-29
BA,Cedear The Boeing Company,AR$,BCBA,argentina,Acciones/CEDEARs,2026-08-29
BA.C,Cedear Bank Of America Corpora,AR$,BCBA,argentina,Acciones/CEDEARs,2026-08-29
BA.CC,Cedear Bank Of America Corpora,US$,BCBA,argentina,Acciones/CEDEARs,2026-08-29
BA.CD,Cedear Bank Of America Corp.,US$,BCBA,argentina,Acciones/CEDEARs,2026-08-29
BA37D,Bono Pcia. Bs. As REGS New U$S 2037 A,AR$,BCBA,argentina,Bonos/Todos,2026-08-29
BA7DC,Bono Pcia. Bs. As REGS New U$S 2037 A,US$,BCBA,argentina,Bonos/Todos,2026-08-29
BA7DD,Bono Pcia. Bs. As REGS New U$S 2037 A,US$,BCBA,argentina,Bonos/Todos,2026-08-29
BABA,Cedear Alibaba Group Holding L,AR$,BCBA,argentina,Acciones/CEDEARs,2026-08-29
BABAC,Cedear Alibaba Group Holding,US$,BCBA,argentina,Acciones/CEDEARs,2026-08-29
BABAD,Cedear Alibaba Group Holding,US$,BCBA,argentina,Acciones/CEDEARs,2026-08-29
BAC,Cedear The Boeing Company,US$,BCBA,argentina,Acciones/CEDEARs,2026-08-29
BACAD,"On Bco Macro Cl A Reg S 6,750% 04/11/26 U$",US$,BCBA,argentina,ObligacionesNegociables/Todas,2026-08-29
BACAO,"On Bco Macro Cl A Reg S 6,750% 04/11/26",AR$,BCBA,argentina,ObligacionesNegociables/Todas,2026-08-29
BACGD,O N Banco Macro S A 8% Vto.23/06/2029,US$,BCBA,argentina,ObligacionesNegociables/Todas,2026-08-29
BACGO,O N Banco Macro S A 8% Vto.23/06/2029,AR$,BCBA,argentina,ObligacionesNegociables/Todas,2026-08-29
BACHC,On Bco. Macro S. A. Cl.H Vto. 28/01/31,US$,BCBA,argentina,ObligacionesNegociables/Todas,2026-08-29
BACHD,On Bco. Macro S. A. Cl.H Vto. 28/01/31,US$,BCBA,argentina,ObligacionesNegociables/Todas,2026-08-29
BACHO,On Bco. Macro S. A. Cl.H Vto. 28/01/31,AR$,BCBA,argentina,ObligacionesNegociables/Todas,2026-08-29
BAD,Cedear The Boeing Company,US$,BCBA,argentina,Acciones/CEDEARs,2026-08-29
BAF27,Td Mun. Cordoba S.2 13/02/27 $,AR$,BCBA,argentina,Bonos/Todos,2026-08-29
BAK,Cedear Braskem Sa,AR$,BCBA,argentina,Acciones/CEDEARs,2026-08-29
BAKD,Cedear Braskem Sa,US$,BCBA,argentina,Acciones/CEDEARs,2026-08-29
BAM27,TD MUN. CORDOBA 2025 S.1 $ V.2,AR$,BCBA,argentina,Bonos/Todos,2026-08-29
BAO27,BONO MUN. CÓRDOBA DEUDA PROVEEDORES 2025 S.1 01/10/27 $,AR$,BCBA,argentina,Bonos/Todos,2026-08-29
BAYN,Cedear Bayer Ag,AR$,BCBA,argentina,Acciones/CEDEARs,2026-08-29
BB,Cedear Blackberry,AR$,BCBA,argentina,Acciones/CEDEARs,2026-08-29
BB.D,Cedear Blackberry,US$,BCBA,argentina,Acciones/CEDEARs,2026-08-29
BB37D,Bono Pcia. Bs. As. REGS New 2037 B,AR$,BCBA,argentina,Bonos/Todos,2026-08-29
BB7DC,Bono Pcia. Bs. As. REGS New 2037 B U$C,US$,BCBA,argentina,Bonos/Todos,2026-08-29
BB7DD,Bono Pcia. Bs. As. REGS New U$S 2037 B,US$,BCBA,argentina,Bonos/Todos,2026-08-29
BBAR,Bbva,AR$,BCBA,argentina,Acciones/Merval | Acciones/Merval 25 | Acciones/Merval Argentina | Acciones/Burcap,2026-08-29
BBARD,Bbva,US$,BCBA,argentina,Acciones/Merval Argentina,2026-08-29
BBAS3,Cedear Banco Do Brasil S.A.,AR$,BCBA,argentina,Acciones/CEDEARs,2026-08-29
BBD,Cedear Banco Bradesco S.A.,AR$,BCBA,argentina,Acciones/CEDEARs,2026-08-29
BBD26,Lt Prov. Buenos Aires Tasa Variable 17/12/26 $,AR$,BCBA,argentina,Letras/Todas,2026-08-29
BBDC,Cedear Banco Bradesco S.A.,US$,BCBA,argentina,Acciones/CEDEARs,2026-08-29
BBDC3,Cedear Banco Bradesco S.A.,AR$,BCBA,argentina,Acciones/CEDEARs,2026-08-29
BBDCD,Cedear Banco Bradesco S.A.,US$,BCBA,argentina,Acciones/CEDEARs,2026-08-29
BBDD,Cedear Banco Bradesco S.A.,US$,BCBA,argentina,Acciones/CEDEARs,2026-08-29
BBS26,Lt Prov. Buenos Aires Capitalizable 24/09/26 $,AR$,BCBA,argentina,Letras/Todas,2026-08-29
BBV,Cedear Banco Bilbao Vizcaya Sp,AR$,BCBA,argentina,Acciones/CEDEARs,2026-08-29
BBVD,Cedear Banco Bilbao Vizcaya Sp,US$,BCBA,argentina,Acciones/CEDEARs,2026-08-29
BC33C,"TITULO DE DEUDA BUENOS AIRES, CITY 7,8 % VTO. 26/11/33",US$,BCBA,argentina,Bonos/Todos,2026-08-29
BC33D,"TITULO DE DEUDA BUENOS AIRES, CITY 7,8 % VTO. 26/11/33",US$,BCBA,argentina,Bonos/Todos,2026-08-29
BC37D,Bono Pcia Bs As Regs New U$S 2037 C,AR$,BCBA,argentina,Bonos/Todos,2026-08-29
BC7DD,BONO PCIA BS AS REGS NEW U$S 2037 C USD,US$,BCBA,argentina,Bonos/Todos,2026-08-29
BCCKC,On Bco Cmf C.19 V29/08/26 U$S Cg,US$,BCBA,argentina,ObligacionesNegociables/Todas,2026-08-29
BCCKD,On Bco Cmf C.19 V29/08/26 U$S Cg,US$,BCBA,argentina,ObligacionesNegociables/Todas,2026-08-29
BCCKO,On Bco Cmf C.19 V29/08/26 U$S Cg,AR$,BCBA,argentina,ObligacionesNegociables/Todas,2026-08-29
BCIUO,TD BANCO DE LA CIUDAD DE BUENOS AIRES CL.23 05/03/28 UVA,AR$,BCBA,argentina,Bonos/Todos,2026-08-29
BCS,Cedear Barclays Bank Plc Adr,AR$,BCBA,argentina,Acciones/CEDEARs,2026-08-29
BDC28,TITULOS DE DEUDA PUBLICA CLASE N° 23 A TASA VARIABLE CON VENCIMIENTO EN 2028,AR$,BCBA,argentina,Bonos/Todos,2026-08-29
BDC33,"TITULO DE DEUDA BUENOS AIRES, CITY 7,8 % VTO. 26/1",AR$,BCBA,argentina,Bonos/Todos,2026-08-29
BDC36,"TD CIUDAD DE BS.AS REGS. 7,05% V. 13/05/36",AR$,BCBA,argentina,Bonos/Todos,2026-08-29
BDCKC,On Bacs Cl.19 14/11/26 $ Usdc,US$,BCBA,argentina,ObligacionesNegociables/Todas,2026-08-29
BDCKD,On Bacs Cl.19 14/11/26 $ Usd Mep,US$,BCBA,argentina,ObligacionesNegociables/Todas,2026-08-29
BDCKO,On Bacs Cl.19 14/11/26 $,AR$,BCBA,argentina,ObligacionesNegociables/Todas,2026-08-29
BF38O,On Bbva Cl.38 20/11/26 $,AR$,BCBA,argentina,ObligacionesNegociables/Todas,2026-08-29
BF39C,On Bbva Cl.39 05/12/26 Usd,US$,BCBA,argentina,ObligacionesNegociables/Todas,2026-08-29
BF39D,On Bbva Cl.39 05/12/26 Usd,US$,BCBA,argentina,ObligacionesNegociables/Todas,2026-08-29
BF39O,On Bbva Cl.39 05/12/26 Usd,AR$,BCBA,argentina,ObligacionesNegociables/Todas,2026-08-29
BF40C,On Bco. Bbva Argentina Cl.40 27/08/27,US$,BCBA,argentina,ObligacionesNegociables/Todas,2026-08-29
BF40D,On Bco. Bbva Argentina Cl.40 27/08/27,US$,BCBA,argentina,ObligacionesNegociables/Todas,2026-08-29
BF40O,On Bco. Bbva Argentina Cl.40 27/08/27,AR$,BCBA,argentina,ObligacionesNegociables/Todas,2026-08-29
BF44C,On Banco Bbva Argentina Cl.44 08/05/28 Usd,US$,BCBA,argentina,ObligacionesNegociables/Todas,2026-08-29
BF44D,On Banco Bbva Argentina Cl.44 08/05/28 Usd,US$,BCBA,argentina,ObligacionesNegociables/Todas,2026-08-29
BF44O,On Banco Bbva Argentina Cl.44 08/05/28 Usd,AR$,BCBA,argentina,ObligacionesNegociables/Todas,2026-08-29
BF45C,On Banco Bbva Argentina Cl.45 08-05-27 Usd,US$,BCBA,argentina,ObligacionesNegociables/Todas,2026-08-29
BF45D,On Banco Bbva Argentina Cl.45 08-05-27 Usd,US$,BCBA,argentina,ObligacionesNegociables/Todas,2026-08-29
BF45O,On Banco Bbva Argentina Cl.45 08-05-27 Usd,AR$,BCBA,argentina,ObligacionesNegociables/Todas,2026-08-29
BF46C,On Banco Bbva Argentina Cl.46 21/05/27 $,US$,BCBA,argentina,ObligacionesNegociables/Todas,2026-08-29
BF46D,On Banco Bbva Argentina Cl.46 21/05/27 $,US$,BCBA,argentina,ObligacionesNegociables/Todas,2026-08-29
BF46O,On Banco Bbva Argentina Cl.46 21/05/27 $,AR$,BCBA,argentina,ObligacionesNegociables/Todas,2026-08-29
BF47C,On Banco Bbva Argentina Cl.47 10/06/27 $,US$,BCBA,argentina,ObligacionesNegociables/Todas,2026-08-29
BF47D,On Banco Bbva Argentina Cl.47 10/06/27 $,US$,BCBA,argentina,ObligacionesNegociables/Todas,2026-08-29
BF47O,On Banco Bbva Argentina Cl.47 10/06/27 $,AR$,BCBA,argentina,ObligacionesNegociables/Todas,2026-08-29
BF48C,On Banco Bbva Argentina Cl.48 24/01/28 Usd,US$,BCBA,argentina,ObligacionesNegociables/Todas,2026-08-29
BF48O,On Banco Bbva Argentina Cl.48 24/01/28 Usd,AR$,BCBA,argentina,ObligacionesNegociables/Todas,2026-08-29
BF49D,On Banco Bbva Argentina Cl.49 24/07/27 Usd,US$,BCBA,argentina,ObligacionesNegociables/Todas,2026-08-29
BF49O,On Banco Bbva Argentina Cl.49 24/07/27 Usd,AR$,BCBA,argentina,ObligacionesNegociables/Todas,2026-08-29
BF50D,On Banco Bbva Argentina Cl.50 24/07/28 Usd,US$,BCBA,argentina,ObligacionesNegociables/Todas,2026-08-29
BF50O,On Banco Bbva Argentina Cl.50 24/07/28 Usd,AR$,BCBA,argentina,ObligacionesNegociables/Todas,2026-08-29
BGC4D,On Banco Patagonia Cl.4 13/11/26 Usd,US$,BCBA,argentina,ObligacionesNegociables/Todas,2026-08-29
BGC4O,On Banco Patagonia Cl.4 13/11/26 Usd,AR$,BCBA,argentina,ObligacionesNegociables/Todas,2026-08-29
BGD26,Lt Prov. Rio Negro S.1 03/12/26 $,AR$,BCBA,argentina,Letras/Todas,2026-08-29
BGD6C,Lt Prov. Rio Negro S.1 03/12/26 $,US$,BCBA,argentina,Letras/Todas,2026-08-29
BGD6D,Lt Prov. Rio Negro S.1 03/12/26 $,US$,BCBA,argentina,Letras/Todas,2026-08-29
BHIP,Banco Hipotecario,AR$,BCBA,argentina,Acciones/Panel General | Acciones/Burcap,2026-08-29
BHP,Cedear Bhp Billiton Limited,AR$,BCBA,argentina,Acciones/CEDEARs,2026-08-29
BHPD,Cedear Bhp Billiton Limited,US$,BCBA,argentina,Acciones/CEDEARs,2026-08-29
BIDU,"Cedear Baidu, Inc.",AR$,BCBA,argentina,Acciones/CEDEARs,2026-08-29
BIDUC,"Cedear Baidu, Inc.",US$,BCBA,argentina,Acciones/CEDEARs,2026-08-29
BIDUD,"Cedear Baidu, Inc.",US$,BCBA,argentina,Acciones/CEDEARs,2026-08-29
BIIB,Cedear Biogen Inc.,AR$,BCBA,argentina,Acciones/CEDEARs,2026-08-29
BIIBD,Cedear Biogen Inc.,US$,BCBA,argentina,Acciones/CEDEARs,2026-08-29
BIOX,Cedear Bioceres Crop Solutions,AR$,BCBA,argentina,Acciones/CEDEARs,2026-08-29
BIOXC,Cedear Bioceres Crop Solutions,US$,BCBA,argentina,Acciones/CEDEARs,2026-08-29
BIOXD,Cedear Bioceres Crop Solutions,US$,BCBA,argentina,Acciones/CEDEARs,2026-08-29
BKC*,The Bank Of New York Cta.Ext.,AR$,BCBA,argentina,Acciones/CEDEARs,2026-08-29
BKNG,Cedear Booking Holdings Inc.,AR$,BCBA,argentina,Acciones/CEDEARs,2026-08-29
BKNGC,Cedear Booking Holdings Inc.,US$,BCBA,argentina,Acciones/CEDEARs,2026-08-29
BKNGD,Cedear Booking Holdings Inc.,US$,BCBA,argentina,Acciones/CEDEARs,2026-08-29
BKR,Cedear Baker Hughes Co.,AR$,BCBA,argentina,Acciones/CEDEARs,2026-08-29
BKRD,Cedear Baker Hughes Co.,US$,BCBA,argentina,Acciones/CEDEARs,2026-08-29
BL2S6,Lt Prov. Chaco Cl.6 18/09/26 $,AR$,BCBA,argentina,Letras/Todas,2026-08-29
BLE27,Td Prov. Chaco S.2 30/01/27 $,AR$,BCBA,argentina,Letras/Todas,2026-08-29
BLE7C,Td Prov. Chaco S.2 30/01/27 $,US$,BCBA,argentina,Letras/Todas,2026-08-29
BLE7D,Td Prov. Chaco S.2 30/01/27 $,US$,BCBA,argentina,Letras/Todas,2026-08-29
BMA,Banco Macro,AR$,BCBA,argentina,Acciones/Merval | Acciones/Merval 25 | Acciones/Merval Argentina,2026-08-29
BMA.D,Banco Macro,US$,BCBA,argentina,Acciones/Merval Argentina,2026-08-29
BMNR,Cedear Bitmine Immersion Technologies Inc,AR$,BCBA,argentina,Acciones/CEDEARs,2026-08-29
BMNRD,CEDEAR BITMINE INMERSION TECHNOLOGIES INC,US$,BCBA,argentina,Acciones/CEDEARs,2026-08-29
BMY,Cedear Bristol-Myers Squibb Co,AR$,BCBA,argentina,Acciones/CEDEARs,2026-08-29
BMYC,Cedear Bristol M. Squibb Co.,US$,BCBA,argentina,Acciones/CEDEARs,2026-08-29
BMYD,Cedear Bristol M. Squibb Co.,US$,BCBA,argentina,Acciones/CEDEARs,2026-08-29
BNCXC,On Banco Santander Argentina Cl.31 28/04/27 $,US$,BCBA,argentina,ObligacionesNegociables/Todas,2026-08-29
BNCXD,On Banco Santander Argentina Cl.31 28/04/27 $,US$,BCBA,argentina,ObligacionesNegociables/Todas,2026-08-29
BNCXO,On Banco Santander Argentina Cl.31 28/04/27 $,AR$,BCBA,argentina,ObligacionesNegociables/Todas,2026-08-29
BNG,Cedear Bunge Limited,AR$,BCBA,argentina,Acciones/CEDEARs,2026-08-29
BNGD,Cedear Bunge Limited,US$,BCBA,argentina,Acciones/CEDEARs,2026-08-29
BNY,Cedear The Bank Of New York Mellon Corp.,AR$,BCBA,argentina,Acciones/CEDEARs,2026-08-29
BNYD,Cedear The Bank Of New York Mellon Corp.,US$,BCBA,argentina,Acciones/CEDEARs,2026-08-29
BOLT,Boldt,AR$,BCBA,argentina,Acciones/Panel General | Acciones/Burcap,2026-08-29
BP,Cedear Bp P.L.C.,AR$,BCBA,argentina,Acciones/CEDEARs,2026-08-29
BPA11,Cedear Banco Btg Pactual S.A.,AR$,BCBA,argentina,Acciones/CEDEARs,2026-08-29
BPA7C,BOPREAL Serie 1A Vto. 31/10/27,US$,BCBA,argentina,Bonos/Todos,2026-08-29
BPA7D,BOPREAL Serie 1A Vto. 31/10/27,US$,BCBA,argentina,Bonos/Todos,2026-08-29
BPA8C,BOPREAL 4A VTO31/10/28 U$S CG,US$,BCBA,argentina,Bonos/Todos,2026-08-29
BPA8D,BOPREAL 4A VTO31/10/28 U$S CG,US$,BCBA,argentina,Bonos/Todos,2026-08-29
BPAT,Banco Patagonia,AR$,BCBA,argentina,Acciones/Panel General,2026-08-29
BPB7C,BOPREAL Serie 1B Vto. 31/10/27,US$,BCBA,argentina,Bonos/Todos,2026-08-29
BPB7D,BOPREAL Serie 1B Vto. 31/10/27,US$,BCBA,argentina,Bonos/Todos,2026-08-29
BPB8C,BOPREAL 4B VTO31/10/28 U$S CG,US$,BCBA,argentina,Bonos/Todos,2026-08-29
BPB8D,BOPREAL 4B VTO31/10/28 U$S CG,US$,BCBA,argentina,Bonos/Todos,2026-08-29
BPC,Cedear Bp P.L.C.,US$,BCBA,argentina,Acciones/CEDEARs,2026-08-29
BPC7C,BOPREAL Serie 1C Vto 31/10/27,US$,BCBA,argentina,Bonos/Todos,2026-08-29
BPC7D,BOPREAL Serie 1C Vto 31/10/27,US$,BCBA,argentina,Bonos/Todos,2026-08-29
BPCTD,On Bco Supervielle Cl.T V.26/08/27 U$S Cg,US$,BCBA,argentina,ObligacionesNegociables/Todas,2026-08-29
BPCTO,On Bco Supervielle Cl.T V.26/08/27 U$S Cg,AR$,BCBA,argentina,ObligacionesNegociables/Todas,2026-08-29
BPCUC,On Supervielle Vto 04/12/2026,US$,BCBA,argentina,ObligacionesNegociables/Todas,2026-08-29
BPCUD,On Supervielle Vto 04/12/2026,US$,BCBA,argentina,ObligacionesNegociables/Todas,2026-08-29
BPCUO,On Supervielle Vto 04/12/2026,AR$,BCBA,argentina,ObligacionesNegociables/Todas,2026-08-29
BPCVC,On Banco Supervielle Cl.5 05/05/27 Usd,US$,BCBA,argentina,ObligacionesNegociables/Todas,2026-08-29
BPCVD,On Banco Supervielle Cl.5 05/05/27 Usd,US$,BCBA,argentina,ObligacionesNegociables/Todas,2026-08-29
BPCVO,On Banco Supervielle Cl.5 05/05/27 Usd,AR$,BCBA,argentina,ObligacionesNegociables/Todas,2026-08-29
BPCWO,On Banco Supervielle Cl.W 07/08/28 Usd,AR$,BCBA,argentina,ObligacionesNegociables/Todas,2026-08-29
BPCXD,On Banco Supervielle Cl.X 07/08/27 Usd,US$,BCBA,argentina,ObligacionesNegociables/Todas,2026-08-29
BPD,Cedear Bp P.L.C.,US$,BCBA,argentina,Acciones/CEDEARs,2026-08-29
BPD7C,BOPREAL Serie 1D Vto. 31/10/27,US$,BCBA,argentina,Bonos/Todos,2026-08-29
BPD7D,BOPREAL Serie 1D Vto. 31/10/27,US$,BCBA,argentina,Bonos/Todos,2026-08-29
BPOA7,BOPREAL Serie 1A Vto. 31/10/27,AR$,BCBA,argentina,Bonos/Todos,2026-08-29
BPOA8,BOPREAL 4A VTO31/10/28 U$S CG,AR$,BCBA,argentina,Bonos/Todos,2026-08-29
BPOB7,BOPREAL Serie 1B Vto. 31/10/27,AR$,BCBA,argentina,Bonos/Todos,2026-08-29
BPOB8,BOPREAL 4B VTO31/10/28 U$S CG,AR$,BCBA,argentina,Bonos/Todos,2026-08-29
BPOC7,BOPREAL Serie 1C Vto 31/10/27,AR$,BCBA,argentina,Bonos/Todos,2026-08-29
BPOD7,BOPREAL Serie 1D Vto. 31/10/27,AR$,BCBA,argentina,Bonos/Todos,2026-08-29
BRKB,Cedear Berkshire Hathaway Inc.,AR$,BCBA,argentina,Acciones/CEDEARs,2026-08-29
BRKBC,Cedear Berkshire Hathaway Inc.,US$,BCBA,argentina,Acciones/CEDEARs,2026-08-29
BRKBD,Cedear Berkshire Hathaway Inc.,US$,BCBA,argentina,Acciones/CEDEARs,2026-08-29
BSBR,Cedear Banco Santander (Brasil),AR$,BCBA,argentina,Acciones/CEDEARs,2026-08-29
BU2N6,Lt Prov. Chubut S.119 Cl.1 09/11/26 $,AR$,BCBA,argentina,Letras/Todas,2026-08-29
BU3S6,Lt Prov. Chubut S.118 Cl.2 21/09/26 $,AR$,BCBA,argentina,Letras/Todas,2026-08-29
BUG26,Lt Prov. Chubut S.116 Cl.1 31/08/26 $,AR$,BCBA,argentina,Letras/Todas,2026-08-29
BUG6C,Lt Prov. Chubut S.116 Cl.1 31/08/26 $,US$,BCBA,argentina,Letras/Todas,2026-08-29
BUG6D,Lt Prov. Chubut S.116 Cl.1 31/08/26 $,US$,BCBA,argentina,Letras/Todas,2026-08-29
BUN26,Lt Prov. Chubut S.116 Cl.2 29/11/26 $,AR$,BCBA,argentina,ObligacionesNegociables/Todas,2026-08-29
BUN6C,Lt Prov. Chubut S.116 Cl.2 29/11/26 $,US$,BCBA,argentina,ObligacionesNegociables/Todas,2026-08-29
BUN6D,Lt Prov. Chubut S.116 Cl.2 29/11/26 $,US$,BCBA,argentina,ObligacionesNegociables/Todas,2026-08-29
BUO26,Lt Prov. Chubut S.117 Cl.2 07/10/26 $,AR$,BCBA,argentina,Letras/Todas,2026-08-29
BUO6C,Lt Prov. Chubut S.117 Cl.2 07/10/26 $,US$,BCBA,argentina,Letras/Todas,2026-08-29
BUO6D,Lt Prov. Chubut S.117 Cl.2 07/10/26 $,US$,BCBA,argentina,Letras/Todas,2026-08-29
BUS26,Lt Prov. Chubut S.115 Cl.2 19/,AR$,BCBA,argentina,Letras/Todas,2026-08-29
BUS6C,Lt Prov. Chubut S.115 Cl.2 19/,US$,BCBA,argentina,Letras/Todas,2026-08-29
BUS6D,Lt Prov. Chubut S.115 Cl.2 19/,US$,BCBA,argentina,Letras/Todas,2026-08-29
BVCPC,On Banco De Servicios Y Transacciones Cl.24 21/10/,US$,BCBA,argentina,ObligacionesNegociables/Todas,2026-08-29
BVCPD,On Banco De Servicios Y Transacciones Cl.24 21/10/,US$,BCBA,argentina,ObligacionesNegociables/Todas,2026-08-29
BVCPO,On Banco De Servicios Y Transacciones Cl.24 21/10/26 Usd,AR$,BCBA,argentina,ObligacionesNegociables/Todas,2026-08-29
BVCRC,On Banco De Servicios Y Trans. Cl.26 15/01/27,US$,BCBA,argentina,ObligacionesNegociables/Todas,2026-08-29
BVCRD,On Banco De Servicios Y Trans. Cl.26 15/01/27,US$,BCBA,argentina,ObligacionesNegociables/Todas,2026-08-29
BVCRO,On Banco De Servicios Y Trans. Cl.26 15/01/27,AR$,BCBA,argentina,ObligacionesNegociables/Todas,2026-08-29
BVCTO,On Bco. De Serv. Y Trans. Cl 27 15.01.2027,AR$,BCBA,argentina,ObligacionesNegociables/Todas,2026-08-29
BVCUC,On Bst Cl.28 06-05-27 Usd,US$,BCBA,argentina,ObligacionesNegociables/Todas,2026-08-29
BVCUD,On Bst Cl.28 06-05-27 Usd,US$,BCBA,argentina,ObligacionesNegociables/Todas,2026-08-29
BVCUO,On Bst Cl.28 06-05-27 Usd,AR$,BCBA,argentina,ObligacionesNegociables/Todas,2026-08-29
BVCVC,On Banco De Servicios Y Transacciones Cl.29 19/07/,US$,BCBA,argentina,ObligacionesNegociables/Todas,2026-08-29
BVCVD,On Banco De Servicios Y Transacciones Cl.29 19/07/,US$,BCBA,argentina,ObligacionesNegociables/Todas,2026-08-29
BVCVO,On Banco De Servicios Y Transacciones Cl.29 19/07/27 Usd,AR$,BCBA,argentina,ObligacionesNegociables/Todas,2026-08-29
BVCWO,On Banco De Servicios Y Transacciones Cl.30 15/07/28 Uva,AR$,BCBA,argentina,ObligacionesNegociables/Todas,2026-08-29
BX,Cedear Blackstone Inc,AR$,BCBA,argentina,Acciones/CEDEARs,2026-08-29
BXD,CEDEAR BLACKSTONE INC,US$,BCBA,argentina,Acciones/CEDEARs,2026-08-29
BYCHD,Banco De Galicia Y Bs. As. Cl. Xvi V10/10/28,US$,BCBA,argentina,ObligacionesNegociables/Todas,2026-08-29
BYCHO,Banco De Galicia Y Bs. As. Cl. Xvi V10/10/28,AR$,BCBA,argentina,ObligacionesNegociables/Todas,2026-08-29
BYCVC,On Bco Galicia Cl.29 V.31/08/26 U$S Cg,US$,BCBA,argentina,ObligacionesNegociables/Todas,2026-08-29
BYCVD,On Bco Galicia Cl.29 V.31/08/26 U$S Cg,US$,BCBA,argentina,ObligacionesNegociables/Todas,2026-08-29
BYCVO,On Bco Galicia Cl.29 V.31/08/26 U$S Cg,AR$,BCBA,argentina,ObligacionesNegociables/Todas,2026-08-29
BYCWC,On Banco Galicia Cl.30 30/11/26 Usd,US$,BCBA,argentina,ObligacionesNegociables/Todas,2026-08-29
BYCWD,On Banco Galicia Cl.30 30/11/26 Usd,US$,BCBA,argentina,ObligacionesNegociables/Todas,2026-08-29
BYCWO,On Banco Galicia Cl.30 30/11/26 Usd,AR$,BCBA,argentina,ObligacionesNegociables/Todas,2026-08-29
BYCXC,On Banco Galicia Cl.31 30/12/26 Usd,US$,BCBA,argentina,ObligacionesNegociables/Todas,2026-08-29
BYCXD,On Banco Galicia Cl.31 30/12/26 Usd,US$,BCBA,argentina,ObligacionesNegociables/Todas,2026-08-29
BYCXO,On Banco Galicia Cl.31 30/12/26 Usd,AR$,BCBA,argentina,ObligacionesNegociables/Todas,2026-08-29
BYMA,Bolsas Y Mercados Argentinos S.A.,AR$,BCBA,argentina,Acciones/Merval | Acciones/Merval 25 | Acciones/Merval Argentina,2026-08-29
BYMAD,Bolsas Y Mercados Argentinos S.A.,US$,BCBA,argentina,Acciones/Merval Argentina,2026-08-29
BYY1C,On Banco De Galicia Y Buenos Aires Cl.32 S.1 05/06,US$,BCBA,argentina,ObligacionesNegociables/Todas,2026-08-29
BYY1O,On Banco De Galicia Y Buenos Aires Cl.32 S.1 05/06/27 $,AR$,BCBA,argentina,ObligacionesNegociables/Todas,2026-08-29
BYY2C,On Banco De Galicia Y Buenos Aires Cl.32 S.2 05/06,US$,BCBA,argentina,ObligacionesNegociables/Todas,2026-08-29
BYY2D,On Banco De Galicia Y Buenos Aires Cl.32 S.2 05/06,US$,BCBA,argentina,ObligacionesNegociables/Todas,2026-08-29
BYY2O,On Banco De Galicia Y Buenos Aires Cl.32 S.2 05/06/28 Usd,AR$,BCBA,argentina,ObligacionesNegociables/Todas,2026-08-29
BYZ1D,On B. Galicia Cl33 S.1 30/7/27,US$,BCBA,argentina,ObligacionesNegociables/Todas,2026-08-29
BYZ1O,On B. Galicia Cl33 S.1 30/7/27,AR$,BCBA,argentina,ObligacionesNegociables/Todas,2026-08-29
BYZ2D,On B. Galicia Cl33 S.2 30/07/2027,US$,BCBA,argentina,ObligacionesNegociables/Todas,2026-08-29
C,Cedear Citigroup,AR$,BCBA,argentina,Acciones/CEDEARs,2026-08-29
C.D,Cedear Citigroup,US$,BCBA,argentina,Acciones/CEDEARs,2026-08-29
CAAP,Cedear Corporacion America Air,AR$,BCBA,argentina,Acciones/CEDEARs,2026-08-29
CAAPD,Cedear Corporacion America Air,US$,BCBA,argentina,Acciones/CEDEARs,2026-08-29
CAC5C,On Capex 9.250% V25/08/28 U$S,US$,BCBA,argentina,ObligacionesNegociables/Todas,2026-08-29
CAC5D,On Capex 9.250% V25/08/28 U$S,US$,BCBA,argentina,ObligacionesNegociables/Todas,2026-08-29
CAC5O,On Capex 9.250% V25/08/28 U$S,AR$,BCBA,argentina,ObligacionesNegociables/Todas,2026-08-29
CACBC,On Capex Cl.11 U$S V.17/06/28 C.G.,US$,BCBA,argentina,ObligacionesNegociables/Todas,2026-08-29
CACBD,On Capex Cl.11 U$S V.17/06/28 C.G.,US$,BCBA,argentina,ObligacionesNegociables/Todas,2026-08-29
CACBO,On Capex Cl.11 U$S V.17/06/28 C.G.,AR$,BCBA,argentina,ObligacionesNegociables/Todas,2026-08-29
CACDC,On Capex S. A. Clase 12 04/06/29 Usdc,US$,BCBA,argentina,ObligacionesNegociables/Todas,2026-08-29
CACDD,On Capex S. A. Clase 12 04/06/29 Usd,US$,BCBA,argentina,ObligacionesNegociables/Todas,2026-08-29
CACDO,On Capex S. A. Clase 12 04/06/29,AR$,BCBA,argentina,ObligacionesNegociables/Todas,2026-08-29
CADO,Carlos Casado,AR$,BCBA,argentina,Acciones/Panel General,2026-08-29
CAH,Cedear Cardinal Health Inc.,AR$,BCBA,argentina,Acciones/CEDEARs,2026-08-29
CAHD,Cedear Cardinal Health Inc.,US$,BCBA,argentina,Acciones/CEDEARs,2026-08-29
CAPX,Capex,AR$,BCBA,argentina,Acciones/Panel General,2026-08-29
CAR,Cedear Avis Budget Group Inc,AR$,BCBA,argentina,Acciones/CEDEARs,2026-08-29
CAR.C,Cedear Avis Budget Group Inc,US$,BCBA,argentina,Acciones/CEDEARs,2026-08-29
CAR.D,Cedear Avis Budget Group Inc,US$,BCBA,argentina,Acciones/CEDEARs,2026-08-29
CARC,Carboclor S.A.,AR$,BCBA,argentina,Acciones/Panel General,2026-08-29
CARP,Fideicomiso Financiero River Plate,AR$,BCBA,argentina,Bonos/Todos,2026-08-29
CAT,Cedear Caterpillar Inc.,AR$,BCBA,argentina,Acciones/CEDEARs,2026-08-29
CATC,Cedear Caterpillar Inc.,US$,BCBA,argentina,Acciones/CEDEARs,2026-08-29
CATD,Cedear Caterpillar Inc.,US$,BCBA,argentina,Acciones/CEDEARs,2026-08-29
CC,Cedear Citigroup,US$,BCBA,argentina,Acciones/CEDEARs,2026-08-29
CCJ,CEDEAR CAMECO CORPORATION,AR$,BCBA,argentina,Acciones/CEDEARs,2026-08-29
CCJC,Cedear Cameco Corporation,AR$,BCBA,argentina,Acciones/CEDEARs,2026-08-29
CCJD,Cedear Cameco Corporation,US$,BCBA,argentina,Acciones/CEDEARs,2026-08-29
CCL,Cedear Carnival Corp.,AR$,BCBA,argentina,Acciones/CEDEARs,2026-08-29
CCLC,Cedear Carnival Corp.,US$,BCBA,argentina,Acciones/CEDEARs,2026-08-29
CCLD,Cedear Carnival Corp.,US$,BCBA,argentina,Acciones/CEDEARs,2026-08-29
CDE,Cedear Coeur D'alene Mines Cor,AR$,BCBA,argentina,Acciones/CEDEARs,2026-08-29
CDED,Cedear Coeur D'alene Mines Cor,US$,BCBA,argentina,Acciones/CEDEARs,2026-08-29
CECO2,Endesa Costanera,AR$,BCBA,argentina,Acciones/Panel General | Acciones/Burcap,2026-08-29
CEG,Cedear Constellation Energy Corporation,AR$,BCBA,argentina,Acciones/CEDEARs,2026-08-29
CEGD,Cedear Constellation Energy Co,US$,BCBA,argentina,Acciones/CEDEARs,2026-08-29
CELU,Celulosa,AR$,BCBA,argentina,Acciones/Panel General,2026-08-29
CEPU,Central Puerto Sa,AR$,BCBA,argentina,Acciones/Merval | Acciones/Merval 25 | Acciones/Merval Argentina | Acciones/Burcap,2026-08-29
CEPUD,Central Puerto Sa,US$,BCBA,argentina,Acciones/Merval Argentina,2026-08-29
CER VINC. 29/01/27,L. T Na. Cer Vinc. V.29/01/2027,AR$,BCBA,argentina,Letras/Todas,2026-08-29
CFS9C,On Cfn S.9 12/12/26 Usdc,US$,BCBA,argentina,ObligacionesNegociables/Todas,2026-08-29
CFS9D,On Cfn S.9 12/12/26 Usd Mep,US$,BCBA,argentina,ObligacionesNegociables/Todas,2026-08-29
CFS9O,On Cfn S.9 12/12/26 $,AR$,BCBA,argentina,ObligacionesNegociables/Todas,2026-08-29
CGPA2,Camuzzi Gas Pampeana,AR$,BCBA,argentina,Acciones/Panel General,2026-08-29
CIBR,Cedear First Trust Nasdaq Cybe,AR$,BCBA,argentina,Acciones/CEDEARs,2026-08-29
CIBRD,Cedear First Trust Nasdaq Cybe,US$,BCBA,argentina,Acciones/CEDEARs,2026-08-29
CIC7C,On Cnh Ind. Cl.7 V.12/11/26 U$S C.G.,US$,BCBA,argentina,ObligacionesNegociables/Todas,2026-08-29
CIC7D,On Cnh Ind. Cl.7 V.12/11/26 U$S C.G.,US$,BCBA,argentina,ObligacionesNegociables/Todas,2026-08-29
CIC7O,On Cnh Ind. Cl.7 V.12/11/26 U$S C.G.,AR$,BCBA,argentina,ObligacionesNegociables/Todas,2026-08-29
CIC8D,On Cnh Ind. Clase 8 Vto. 12/11/28 U$S,US$,BCBA,argentina,ObligacionesNegociables/Todas,2026-08-29
CIC8O,On Cnh Ind. Clase 8 Vto. 12/11/28 U$S,AR$,BCBA,argentina,ObligacionesNegociables/Todas,2026-08-29
CIC9C,On Cnh Ind. Cl.9 V.21/05/27 U$S C,US$,BCBA,argentina,ObligacionesNegociables/Todas,2026-08-29
CIC9D,On Cnh Ind. Cl.9 V.21/05/27 U$S Mep,US$,BCBA,argentina,ObligacionesNegociables/Todas,2026-08-29
CIC9O,On Cnh Ind. Cl.9 V.21/05/27,AR$,BCBA,argentina,ObligacionesNegociables/Todas,2026-08-29
CICAC,On Cnh Ind. Cap. Arg. Cl.10 03/06/28 Usd,US$,BCBA,argentina,ObligacionesNegociables/Todas,2026-08-29
CICAD,On Cnh Ind. Cap. Arg. Cl.10 03/06/28 Usd,US$,BCBA,argentina,ObligacionesNegociables/Todas,2026-08-29
CICAO,On Cnh Ind. Cap. Arg. Cl.10 03/06/28,AR$,BCBA,argentina,ObligacionesNegociables/Todas,2026-08-29
CICBC,On Cnh Industrial Capital Argentina Cl.11 09/02/29,US$,BCBA,argentina,ObligacionesNegociables/Todas,2026-08-29
CICBD,On Cnh Industrial Capital Argentina Cl.11 09/02/29,US$,BCBA,argentina,ObligacionesNegociables/Todas,2026-08-29
CICBO,On Cnh Industrial Capital Argentina Cl.11 09/02/29 Usd,AR$,BCBA,argentina,ObligacionesNegociables/Todas,2026-08-29
CL,Cedear Colgate Palmolive Compa,AR$,BCBA,argentina,Acciones/CEDEARs,2026-08-29
CLD,Cedear Colgate Palmolive,US$,BCBA,argentina,Acciones/CEDEARs,2026-08-29
CLI1D,Clisa Compania Latin (Regs) Var Vto.10/12/34,US$,BCBA,argentina,ObligacionesNegociables/Todas,2026-08-29
CLI1O,Clisa Compania Latin (Regs) Var Vto.10/12/34,AR$,BCBA,argentina,ObligacionesNegociables/Todas,2026-08-29
CLS,Cedear Celestica Inc,AR$,BCBA,argentina,Acciones/CEDEARs,2026-08-29
CLSD,Cedear Celestica Inc,US$,BCBA,argentina,Acciones/CEDEARs,2026-08-29
CLSIC,On Clisa Regs 25/07/2027,US$,BCBA,argentina,ObligacionesNegociables/Todas,2026-08-29
CLSID,On Clisa Regs 25/07/2027,US$,BCBA,argentina,ObligacionesNegociables/Todas,2026-08-29
CLSIO,On Clisa Regs 25/07/2027,AR$,BCBA,argentina,ObligacionesNegociables/Todas,2026-08-29
CNXPOPA,Adcap Pesos Plus,peso_Argentino,bcba,argentina,FCI/Todos,2026-08-29
CO26,Bono Prov. De Cordoba Usd V2026,AR$,BCBA,argentina,Bonos/Provinciales en dólares | Bonos/Todos,2026-08-29
CO26D,Bono Prov. De Cordoba Usd V2026,US$,BCBA,argentina,Bonos/Todos,2026-08-29
CO2D7,TD PROV. CORDOBA CL.5 05/12/27 $,AR$,BCBA,argentina,Bonos/Todos,2026-08-29
CO32,TÍT. D. PCIA. DE CÓRDOBA VTO. 02/07/32,AR$,BCBA,argentina,Bonos/Todos,2026-08-29
CO32C,TÍT. D. PCIA. DE CÓRDOBA VTO. 02/07/32,US$,BCBA,argentina,Bonos/Todos,2026-08-29
CO32D,Tít. D. Pcia. De Córdoba Vto. 02/07/32,US$,BCBA,argentina,Bonos/Todos,2026-08-29
CO35,T. D. Pcia. De Córdoba Vto. 03/02/35,AR$,BCBA,argentina,Bonos/Todos,2026-08-29
CO35C,T. D. Pcia. De Córdoba Vto. 03/02/35,US$,BCBA,argentina,Bonos/Todos,2026-08-29
CO35D,T. D. Pcia. De Córdoba Vto. 03/02/35,US$,BCBA,argentina,Bonos/Todos,2026-08-29
CO3D7,TD PROV. CORDOBA CL.6 05/12/27 $,AR$,BCBA,argentina,Bonos/Todos,2026-08-29
COC4D,On BANCOR Cl.4 10/08/29 Usd,US$,BCBA,argentina,ObligacionesNegociables/Todas,2026-08-29
COD7,TD PCIA CORDOBA CL.4 V05/12/27 $ CG,AR$,BCBA,argentina,Bonos/Todos,2026-08-29
COIN,Cedear Coinbase Global Inc.,AR$,BCBA,argentina,Acciones/CEDEARs,2026-08-29
COINC,Cedear Coinbase Global Inc.,US$,BCBA,argentina,Acciones/CEDEARs,2026-08-29
COIND,Cedear Coinbase Global Inc.,US$,BCBA,argentina,Acciones/CEDEARs,2026-08-29
COME,Sociedad Comercial del Plata,AR$,BCBA,argentina,Acciones/Merval | Acciones/Merval 25 | Acciones/Merval Argentina | Acciones/Burcap,2026-08-29
COMED,Sociedad Comercial Del Plata,US$,BCBA,argentina,Acciones/Merval Argentina,2026-08-29
CONIOLA,Adcap Acciones,peso_Argentino,bcba,argentina,FCI/Todos,2026-08-29
CONRETO,Adcap Moneda,peso_Argentino,bcba,argentina,FCI/Todos,2026-08-29
COP,CEDEAR CONOCOPHILLIPS,AR$,BCBA,argentina,Acciones/CEDEARs,2026-08-29
COPX,CEDEAR GLOBAL X COPPER MINERS ETF,AR$,BCBA,argentina,Acciones/CEDEARs,2026-08-29
COPXC,Cedear Global X Copper Miners Etf,US$,BCBA,argentina,Acciones/CEDEARs,2026-08-29
COPXD,Cedear Global X Copper Miners Etf,US$,BCBA,argentina,Acciones/CEDEARs,2026-08-29
COST,Cedear Costco Wholsale Corp.,AR$,BCBA,argentina,Acciones/CEDEARs,2026-08-29
COSTC,Cedear Costco Wholsale Corp.,US$,BCBA,argentina,Acciones/CEDEARs,2026-08-29
COSTD,Cedear Costco Wholsale Corp.Es,US$,BCBA,argentina,Acciones/CEDEARs,2026-08-29
CP28C,On Cia. G. Comb. 28 U$S V07/09/26 Cg Ef,US$,BCBA,argentina,ObligacionesNegociables/Todas,2026-08-29
CP28D,On Cia. G. Comb. 28 U$S V07/09/26 Cg Ef,US$,BCBA,argentina,ObligacionesNegociables/Todas,2026-08-29
CP28O,On Cia. G. Comb. 28 U$S V07/09/26 Cg Ef,AR$,BCBA,argentina,ObligacionesNegociables/Todas,2026-08-29
CP32C,On Cia Gen.Comb. Cl.32 V09/12/25 Us$,US$,BCBA,argentina,ObligacionesNegociables/Todas,2026-08-29
CP36D,On Cia Gen.Comb. Cl.36 V10/10/27 U$S Cg,US$,BCBA,argentina,ObligacionesNegociables/Todas,2026-08-29
CP36O,On Cia Gen.Comb. Cl.36 V10/10/27 U$S Cg,AR$,BCBA,argentina,ObligacionesNegociables/Todas,2026-08-29
CP37D,On Cia Gen.Comb. Cl.37 V10/03/27 U$S Cg,US$,BCBA,argentina,ObligacionesNegociables/Todas,2026-08-29
CP37O,On Cia Gen.Comb. Cl.37 V10/03/27 Cg,AR$,BCBA,argentina,ObligacionesNegociables/Todas,2026-08-29
CP38C,"On Compania General De 11,875 % Vto. 28/11/30",US$,BCBA,argentina,ObligacionesNegociables/Todas,2026-08-29
CP38D,"On Compania General De 11,875 % Vto. 28/11/30",US$,BCBA,argentina,ObligacionesNegociables/Todas,2026-08-29
CP38O,"On Compania General De 11,875 % Vto. 28/11/30",AR$,BCBA,argentina,ObligacionesNegociables/Todas,2026-08-29
CP39C,On Cia. Gral. De Combustibles Cl.39 29/03/27 Usd,US$,BCBA,argentina,ObligacionesNegociables/Todas,2026-08-29
CP39D,On Cia. Gral. De Combustibles Cl.39 29/03/27 Usd,US$,BCBA,argentina,ObligacionesNegociables/Todas,2026-08-29
CP39O,On Cia. Gral. De Combustibles Cl.39 29/03/27 Usd,AR$,BCBA,argentina,ObligacionesNegociables/Todas,2026-08-29
CP40C,On Cia. Gral. De Comb. Cl.40 09/03/28,US$,BCBA,argentina,ObligacionesNegociables/Todas,2026-08-29
CP40D,On Cia. Gral. De Comb. Cl.40 09/03/28,US$,BCBA,argentina,ObligacionesNegociables/Todas,2026-08-29
CP40O,On Cia. Gral. De Comb. Cl.40 09/03/28,AR$,BCBA,argentina,ObligacionesNegociables/Todas,2026-08-29
CRCJD,On Celulosa Arg Cl 18 V16/05/28 U$S Cg,US$,BCBA,argentina,ObligacionesNegociables/Todas,2026-08-29
CRCJO,On Celulosa Arg Cl 18 V16/05/28 U$S Cg,AR$,BCBA,argentina,ObligacionesNegociables/Todas,2026-08-29
CRES,Cresud,AR$,BCBA,argentina,Acciones/Merval | Acciones/Merval 25 | Acciones/Merval Argentina | Acciones/Burcap,2026-08-29
CRESD,Cresud,US$,BCBA,argentina,Acciones/Merval Argentina,2026-08-29
CRM,Cedear Salesforce Inc,AR$,BCBA,argentina,Acciones/CEDEARs,2026-08-29
CRMC,Cedear Salesforce Inc,US$,BCBA,argentina,Acciones/CEDEARs,2026-08-29
CRMD,Cedear Salesforce Inc,US$,BCBA,argentina,Acciones/CEDEARs,2026-08-29
CRTAFAA,Adcap Renta Fija,peso_Argentino,bcba,argentina,FCI/Todos,2026-08-29
CRWD,CEDEAR CROWDSTRIKE HOLDINGS INC.,AR$,BCBA,argentina,Acciones/CEDEARs,2026-08-29
CRWV,CEDEAR COREWEAVE INC.,AR$,BCBA,argentina,Acciones/CEDEARs,2026-08-29
CRWVD,Cedear Coreweave Inc.,US$,BCBA,argentina,Acciones/CEDEARs,2026-08-29
CS40O,On Cresud Cl. 40 Vto21/12/26 U$S Cg,AR$,BCBA,argentina,ObligacionesNegociables/Todas,2026-08-29
CS46D,On Cresud S30 Cl46 V18/07/27 U$S Cg,US$,BCBA,argentina,ObligacionesNegociables/Todas,2026-08-29
CS46O,On Cresud S30 Cl46 V18/07/27,AR$,BCBA,argentina,ObligacionesNegociables/Todas,2026-08-29
CS47D,On Cres Cl 47 Vt 15/11/2028,US$,BCBA,argentina,ObligacionesNegociables/Todas,2026-08-29
CS47O,On Cres Cl 47  Vt 15/11/2028,AR$,BCBA,argentina,ObligacionesNegociables/Todas,2026-08-29
CS48C,On Cresud S32 Cl48 V11/07/28 U$S Cg,US$,BCBA,argentina,ObligacionesNegociables/Todas,2026-08-29
CS48D,On Cresud S32 Cl48 V11/07/28 U$S Cg,US$,BCBA,argentina,ObligacionesNegociables/Todas,2026-08-29
CS48O,On Cresud S32 Cl48 V11/07/28 U$S Cg,AR$,BCBA,argentina,ObligacionesNegociables/Todas,2026-08-29
CS49C,On Cresud S33 Cl49 V02/09/27 U$S Cg,US$,BCBA,argentina,ObligacionesNegociables/Todas,2026-08-29
CS49D,On Cresud S33 Cl49 V02/09/27 U$S Cg,US$,BCBA,argentina,ObligacionesNegociables/Todas,2026-08-29
CS49O,On Cresud S33 Cl49 V02/09/27 U$S Cg,AR$,BCBA,argentina,ObligacionesNegociables/Todas,2026-08-29
CS50C,On Cresud S.34 Cl.L 10/03/29 Usd,US$,BCBA,argentina,ObligacionesNegociables/Todas,2026-08-29
CS50D,On Cresud S.34 Cl.L 10/03/29 Usd,US$,BCBA,argentina,ObligacionesNegociables/Todas,2026-08-29
CS50O,On Cresud S.34 Cl.L 10/03/29 Usd,AR$,BCBA,argentina,ObligacionesNegociables/Todas,2026-08-29
CS51C,On Cresud S.35 Cl.51 20/01/27 Usd,US$,BCBA,argentina,ObligacionesNegociables/Todas,2026-08-29
CS51D,On Cresud S.35 Cl.51 20/01/27 Usd,US$,BCBA,argentina,ObligacionesNegociables/Todas,2026-08-29
CS51O,On Cresud S.35 Cl.51 20/01/27 Usd,AR$,BCBA,argentina,ObligacionesNegociables/Todas,2026-08-29
CS52C,On Cresud S.36 Cl.52 30/04/28 Usd,US$,BCBA,argentina,ObligacionesNegociables/Todas,2026-08-29
CS52D,On Cresud S.36 Cl.52 30/04/28 Usd,US$,BCBA,argentina,ObligacionesNegociables/Todas,2026-08-29
CS52O,On Cresud S.36 Cl.52 30/04/28 Usd,AR$,BCBA,argentina,ObligacionesNegociables/Todas,2026-08-29
CS53C,On Cresud S.36 Cl.53 30/04/30 Usd,US$,BCBA,argentina,ObligacionesNegociables/Todas,2026-08-29
CS53D,On Cresud S.36 Cl.53 30/04/30 Usd,US$,BCBA,argentina,ObligacionesNegociables/Todas,2026-08-29
CS53O,On Cresud S.36 Cl.53 30/04/30 Usd,AR$,BCBA,argentina,ObligacionesNegociables/Todas,2026-08-29
CSCO,Cedear Cisco Systems Inc,AR$,BCBA,argentina,Acciones/CEDEARs,2026-08-29
CSCOC,Cedear Cisco Systems Inc.Escri,US$,BCBA,argentina,Acciones/CEDEARs,2026-08-29
CSCOD,Cedear Cisco Systems Inc.Escri,US$,BCBA,argentina,Acciones/CEDEARs,2026-08-29
CSNA3,Cedear Companhia Siderurgica Nacional,AR$,BCBA,argentina,Acciones/CEDEARs,2026-08-29
CTIO,Consultatio,AR$,BCBA,argentina,Acciones/Panel General | Acciones/Burcap,2026-08-29
CUAP,"Bonos Cuasi Par $ 3,31% 2045 (Ley Arg)",AR$,BCBA,argentina,Bonos/Soberanos en pesos más Cer | Bonos/Todos,2026-08-29
CVH,Cablevisión Holding S.A.,AR$,BCBA,argentina,Acciones/Panel General | Acciones/Merval 25,2026-08-29
CVS,Cedear Cvs Health Corp.,AR$,BCBA,argentina,Acciones/CEDEARs,2026-08-29
CVSD,Cedear Cvs Health Corp.,US$,BCBA,argentina,Acciones/CEDEARs,2026-08-29
CVX,Cedear Chevron Corp.,AR$,BCBA,argentina,Acciones/CEDEARs,2026-08-29
CVXC,Cedear Chevron Corp.,US$,BCBA,argentina,Acciones/CEDEARs,2026-08-29
CVXD,Cedear Chevron Corp.,US$,BCBA,argentina,Acciones/CEDEARs,2026-08-29
CWC6D,On Crown Point Cl.6 V30/10/27 U$S Cg,US$,BCBA,argentina,ObligacionesNegociables/Todas,2026-08-29
CWC6O,On Crown Point Cl.6 V30/10/27,AR$,BCBA,argentina,ObligacionesNegociables/Todas,2026-08-29
CX,Cedear Cemex S.A.B. De C.V.,AR$,BCBA,argentina,Acciones/CEDEARs,2026-08-29
CXC,Cedear Cemex S.A.B. De C.V.,US$,BCBA,argentina,Acciones/CEDEARs,2026-08-29
CXCXO,On Credito Directo Cl.31 19/06/27 $,AR$,BCBA,argentina,ObligacionesNegociables/Todas,2026-08-29
CXD,Cedear Cemex S.A.B. De C.V.,US$,BCBA,argentina,Acciones/CEDEARs,2026-08-29
D10Y7,Letra Tesoro Nacional Vinc. Usd Cero Cupon 10/05/27 Usd,AR$,BCBA,argentina,Letras/Todas,2026-08-29
D15E7,Letra Tesoro Nacional Vinc. Usd Cero Cupon 15/01/27 Usd,AR$,BCBA,argentina,Letras/Todas,2026-08-29
D30O6,LETRA TESORO NACIONAL VINC. USD CERO CUPON 30/10/26 USD,AR$,BCBA,argentina,Letras/Todas,2026-08-29
D30S6,L.T Na Vinc Usd Cero Cupon 30/09/26 Usd,AR$,BCBA,argentina,Letras/Todas,2026-08-29
D31G6,Letra Tesoro Nacional Vinc. Usd Cero Cupon 31/08/26 Usd,AR$,BCBA,argentina,Letras/Todas,2026-08-29
D31M7,Letra Tesoro Nacional Vinc. Usd Cero Cupon 31/03/27 Usd,AR$,BCBA,argentina,Letras/Todas,2026-08-29
DAL,Cedear Delta Air Lines Inc.,AR$,BCBA,argentina,Acciones/CEDEARs,2026-08-29
DALD,Cedear Delta Air Lines Inc.,US$,BCBA,argentina,Acciones/CEDEARs,2026-08-29
DD,Cedear E.I.Du Pont The Nemours,AR$,BCBA,argentina,Acciones/CEDEARs,2026-08-29
DDD,Cedear E.I.Du Pont The Nemours,US$,BCBA,argentina,Acciones/CEDEARs,2026-08-29
DE,Cedear Deere & Company,AR$,BCBA,argentina,Acciones/CEDEARs,2026-08-29
DEC,Cedear Deere & Company,US$,BCBA,argentina,Acciones/CEDEARs,2026-08-29
DEC2D,On Edesa Cl. 2  Vto. 24/02/27 U$S Cg,US$,BCBA,argentina,ObligacionesNegociables/Todas,2026-08-29
DEC2O,On Edesa Cl. 2  Vto. 24/02/27 U$S Cg,AR$,BCBA,argentina,ObligacionesNegociables/Todas,2026-08-29
DEC3O,On Empresa Distribuidora De Electricidad De Salta Cl.3 03/07/27,AR$,BCBA,argentina,ObligacionesNegociables/Todas,2026-08-29
DEC4D,On Empresa Distribuidora De Electricidad De Salta,US$,BCBA,argentina,ObligacionesNegociables/Todas,2026-08-29
DEC4O,On Empresa Distribuidora De Electricidad De Salta Cl.4 03/07/28 Usd,AR$,BCBA,argentina,ObligacionesNegociables/Todas,2026-08-29
DECK,Cedear Deckers Outdoor Corporation,AR$,BCBA,argentina,Acciones/CEDEARs,2026-08-29
DECKD,Cedear Deckers Outdoor Corpora,US$,BCBA,argentina,Acciones/CEDEARs,2026-08-29
DED,Cedear Deere & Company,US$,BCBA,argentina,Acciones/CEDEARs,2026-08-29
DEO,Cedear Diageo Plc Adr,AR$,BCBA,argentina,Acciones/CEDEARs,2026-08-29
DEOC,Cedear Diageo Plc Adr,US$,BCBA,argentina,Acciones/CEDEARs,2026-08-29
DEOD,Cedear Diageo Plc Adr,US$,BCBA,argentina,Acciones/CEDEARs,2026-08-29
DGCU2,Distribuidora de Gas Cuyana,AR$,BCBA,argentina,Acciones/Panel General | Acciones/Merval 25 | Acciones/Burcap,2026-08-29
DHR,Cedear Danaher Corp,AR$,BCBA,argentina,Acciones/CEDEARs,2026-08-29
DHRC,Cedear Danaher Corp,US$,BCBA,argentina,Acciones/CEDEARs,2026-08-29
DHRD,Cedear Danaher Corp,US$,BCBA,argentina,Acciones/CEDEARs,2026-08-29
DHSOO,ON CREDICUOTAS CONSUMO S.23 18/08/27 USD,AR$,BCBA,argentina,ObligacionesNegociables/Todas,2026-08-29
DIA,Cedear Spdr Dow Jones Industrial,AR$,BCBA,argentina,Acciones/CEDEARs,2026-08-29
DIAC,Cedear Spdr Dow Jones Industrial,US$,BCBA,argentina,Acciones/CEDEARs,2026-08-29
DIAD,Cedear Spdr Dow Jones Industrial,US$,BCBA,argentina,Acciones/CEDEARs,2026-08-29
DICP,Bono Discount $ 2033 (Ley Arg),AR$,BCBA,argentina,Bonos/Soberanos en pesos más Cer | Bonos/Todos,2026-08-29
DICPC,"BONOS REP ARG C/DESCUENTO $ 5,83% 2033",US$,BCBA,argentina,Bonos/Todos,2026-08-29
DICPD,"BONOS REP ARG C/DESCUENTO $ 5,83% 2033",US$,BCBA,argentina,Bonos/Todos,2026-08-29
DIP0,Bono Discount $ + CER 2033 (Ley Arg),AR$,BCBA,argentina,Bonos/Soberanos en pesos más Cer | Bonos/Todos,2026-08-29
DISN,Cedear The Walt Disney Company,AR$,BCBA,argentina,Acciones/CEDEARs,2026-08-29
DISNC,Cedear The Walt Disney Company,US$,BCBA,argentina,Acciones/CEDEARs,2026-08-29
DISND,Cedear The Walt Disney Company,US$,BCBA,argentina,Acciones/CEDEARs,2026-08-29
DN17O,On Edenor S. A. Cl Vii (Ad.) V. 24/10/30,AR$,BCBA,argentina,ObligacionesNegociables/Todas,2026-08-29
DN1AC,EDENOR 28/04/33,US$,BCBA,argentina,ObligacionesNegociables/Todas,2026-08-29
DN1AD,EDENOR 28/04/33,US$,BCBA,argentina,ObligacionesNegociables/Todas,2026-08-29
DN1AO,On Empresa Distribuidora Y Comercializadora Norte Sa Edenor Argentina 9.5% Vto.28/04/33,AR$,BCBA,argentina,ObligacionesNegociables/Todas,2026-08-29
DNC3D,On Edenor Cl.3 Vto 22/11/26,US$,BCBA,argentina,ObligacionesNegociables/Todas,2026-08-29
DNC3O,On Edenor Cl.3 V.22/11/26 U$S Cg,AR$,BCBA,argentina,ObligacionesNegociables/Todas,2026-08-29
DNC5D,On Edenor Cl.5 V.05/08/28 U$S Cg,US$,BCBA,argentina,ObligacionesNegociables/Todas,2026-08-29
DNC5O,ON Edenor Clase 5 Hard Dolar Vt 05/08/28,AR$,BCBA,argentina,ObligacionesNegociables/Todas,2026-08-29
DNC7C,On Edenor Clase Vii 9.75% Vto. 24/10/2030,US$,BCBA,argentina,ObligacionesNegociables/Todas,2026-08-29
DNC7D,On Edenor Clase Vii 9.75% Vto. 24/10/2030,US$,BCBA,argentina,ObligacionesNegociables/Todas,2026-08-29
DNC7O,On Edenor Clase Vii 9.75% Vto. 24/10/2030,AR$,BCBA,argentina,ObligacionesNegociables/Todas,2026-08-29
DNCAC,On Edenor 9.5%  Vto. 28/04/33,US$,BCBA,argentina,ObligacionesNegociables/Todas,2026-08-29
DNCAD,On Edenor 9.5%  Vto. 28/04/33,US$,BCBA,argentina,ObligacionesNegociables/Todas,2026-08-29
DNCAO,On Edenor 9.5%  Vto. 28/04/33,AR$,BCBA,argentina,ObligacionesNegociables/Todas,2026-08-29
DNCBC,On Edenor Cl.11 03/07/29 Usd,US$,BCBA,argentina,ObligacionesNegociables/Todas,2026-08-29
DNCBD,On Edenor Cl.11 03/07/29 Usd,US$,BCBA,argentina,ObligacionesNegociables/Todas,2026-08-29
DNCBO,On Edenor Cl.11 03/07/29 Usd,AR$,BCBA,argentina,ObligacionesNegociables/Todas,2026-08-29
DOCU,Cedear Docusing Inc.,AR$,BCBA,argentina,Acciones/CEDEARs,2026-08-29
DOCUC,Cedear Docusing Inc.,US$,BCBA,argentina,Acciones/CEDEARs,2026-08-29
DOCUD,Cedear Docusing Inc.,US$,BCBA,argentina,Acciones/CEDEARs,2026-08-29
DOME,Suscripción Preferente Domec S.A.,AR$,BCBA,argentina,Acciones/Panel General,2026-08-29
DOW,Cedear Dow Inc.,AR$,BCBA,argentina,Acciones/CEDEARs,2026-08-29
DOWC,Cedear Dow Inc.,US$,BCBA,argentina,Acciones/CEDEARs,2026-08-29
DOWD,Cedear Dow Inc.,US$,BCBA,argentina,Acciones/CEDEARs,2026-08-29
DS6C,L.T Na Vinc Usd Cero Cupon 30/09/26 Usd,US$,BCBA,argentina,Letras/Todas,2026-08-29
DS6D,L.T Na Vinc Usd Cero Cupon 30/09/26 Usd,US$,BCBA,argentina,Letras/Todas,2026-08-29
E,Cedear Eni Spa-Adr,AR$,BCBA,argentina,Acciones/CEDEARs,2026-08-29
EAC1O,On E.Renov. Las Lomas Cl.1 V12/10/26 Us$ Cg,AR$,BCBA,argentina,ObligacionesNegociables/Todas,2026-08-29
EAC2O,On E.Renov. Las Lomas Cl.2 V12/10/33 Us$ Cg,AR$,BCBA,argentina,ObligacionesNegociables/Todas,2026-08-29
EAC3D,On Msu Green Energy S.A.U.Vto 20/12/2028,US$,BCBA,argentina,ObligacionesNegociables/Todas,2026-08-29
EAC3O,On Msu Green Energy S.A.U.Vto 20/12/2028,AR$,BCBA,argentina,ObligacionesNegociables/Todas,2026-08-29
EAC4C,"On Msu Green Energy S A 9,75 % Vto. 16/6/2036",US$,BCBA,argentina,ObligacionesNegociables/Todas,2026-08-29
EAC4D,"On Msu Green Energy S A 9,75 % Vto. 16/6/2036",US$,BCBA,argentina,ObligacionesNegociables/Todas,2026-08-29
EAC4O,"On Msu Green Energy S A 9,75 % Vto. 16/6/2036",AR$,BCBA,argentina,ObligacionesNegociables/Todas,2026-08-29
EBAY,Cedear Ebay Inc.,AR$,BCBA,argentina,Acciones/CEDEARs,2026-08-29
EBAYD,Cedear Ebay Inc.,US$,BCBA,argentina,Acciones/CEDEARs,2026-08-29
ECL,CEDEAR ECOLAB INC.,AR$,BCBA,argentina,Acciones/CEDEARs,2026-08-29
ECLD,Cedear Ecolab Inc.,US$,BCBA,argentina,Acciones/CEDEARs,2026-08-29
ECOG,Ecogas Inversiones S.A.,AR$,BCBA,argentina,Acciones/Merval,2026-08-29
ECOGD,Ecogas Inversiones S.A.,US$,BCBA,argentina,Acciones/Merval Argentina,2026-08-29
EDN,Edenor,AR$,BCBA,argentina,Acciones/Merval | Acciones/Merval 25 | Acciones/Merval Argentina | Acciones/Burcap,2026-08-29
EDND,Edenor,US$,BCBA,argentina,Acciones/Merval Argentina,2026-08-29
EEM,Cedear Ishares Msci Emerging Market,AR$,BCBA,argentina,Acciones/CEDEARs,2026-08-29
EEMC,Cedear Ishares Msci Emerging Market,US$,BCBA,argentina,Acciones/CEDEARs,2026-08-29
EEMD,Cedear Ishares Msci Emerging Market,US$,BCBA,argentina,Acciones/CEDEARs,2026-08-29
EF25D,"BONO PCIA ENTRE RIOS REGS 8,75% Vto 08/08/2028",US$,BCBA,argentina,Bonos/Todos,2026-08-29
EFA,Cedear Ishares Msci Eafe Etf,AR$,BCBA,argentina,Acciones/CEDEARs,2026-08-29
EFAD,Cedear Ishares Msci Eafe Etf,US$,BCBA,argentina,Acciones/CEDEARs,2026-08-29
EFX,Cedear Equifax Inc.,AR$,BCBA,argentina,Acciones/CEDEARs,2026-08-29
EFXC,Cedear Equifax Inc.,US$,BCBA,argentina,Acciones/CEDEARs,2026-08-29
EFXD,Cedear Equifax Inc.,US$,BCBA,argentina,Acciones/CEDEARs,2026-08-29
ELPC,Cedear Copel,AR$,BCBA,argentina,Acciones/CEDEARs,2026-08-29
EM33C,BONO PROVINCIA DE ENTRE 9.55% 04/03/33,US$,BCBA,argentina,Bonos/Todos,2026-08-29
EM33D,BONO PROVINCIA DE ENTRE 9.55% 04/03/33,US$,BCBA,argentina,Bonos/Todos,2026-08-29
EMBJ,Cedear Embraer,AR$,BCBA,argentina,Acciones/CEDEARs,2026-08-29
EMC1C,On Compania Mega Cl.1 U$S Cg,US$,BCBA,argentina,ObligacionesNegociables/Todas,2026-08-29
EMC1D,On Compania Mega Cl.1 U$S Cg,US$,BCBA,argentina,ObligacionesNegociables/Todas,2026-08-29
EMC1O,On Compania Mega Cl.1 U$S Cg,AR$,BCBA,argentina,ObligacionesNegociables/Todas,2026-08-29
EOC1C,EPEC CL.1 28/02/28,US$,BCBA,argentina,ObligacionesNegociables/Todas,2026-08-29
EOC1O,ON EMPRESA PROVINCIAL DE ENERGIA DE CORDOBA CL.1 28/02/28 USD,AR$,BCBA,argentina,ObligacionesNegociables/Todas,2026-08-29
EQNR,Cedear Equinor Asa,AR$,BCBA,argentina,Acciones/CEDEARs,2026-08-29
ERE27,TD PROV DE ENTRE RIOS S.2 V17/01/27 $ CG,AR$,BCBA,argentina,Bonos/Todos,2026-08-29
ERF25,"BONO PCIA ENTRE RIOS REGS 8,75% Vto 08/08/2028",AR$,BCBA,argentina,Bonos/Todos,2026-08-29
ERIC,Cedear L.M. Ericsson Telephone,AR$,BCBA,argentina,Acciones/CEDEARs,2026-08-29
ERICD,Cedear Lm.Ericsson Telephone,US$,BCBA,argentina,Acciones/CEDEARs,2026-08-29
ERM33,BONO PROVINCIA DE ENTRE 9.55% 04/03/33,AR$,BCBA,argentina,Bonos/Todos,2026-08-29
ESGU,CEDEAR ISHARES ESG AWARE MSCI USA ETF,AR$,BCBA,argentina,Acciones/CEDEARs,2026-08-29
ESGUD,Cedear Ishares Esg Aware Msci Usa Etf,US$,BCBA,argentina,Acciones/CEDEARs,2026-08-29
ETHA,Cedear Ishares Ethereum Tr Etf,AR$,BCBA,argentina,Acciones/CEDEARs,2026-08-29
ETHAC,Cedear Ishares Ethereum Tr Etf,US$,BCBA,argentina,Acciones/CEDEARs,2026-08-29
ETHAD,Cedear Ishares Ethereum Tr Etf,US$,BCBA,argentina,Acciones/CEDEARs,2026-08-29
ETSY,Cedear Etsy Inc.,AR$,BCBA,argentina,Acciones/CEDEARs,2026-08-29
ETSYC,Cedear Etsy Inc.,US$,BCBA,argentina,Acciones/CEDEARs,2026-08-29
ETSYD,Cedear Etsy Inc.,US$,BCBA,argentina,Acciones/CEDEARs,2026-08-29
EWJ,Cedear Etf Ishares Msci Japan,AR$,BCBA,argentina,Acciones/CEDEARs,2026-08-29
EWJD,Cedear Etf Ishares Msci Japan,US$,BCBA,argentina,Acciones/CEDEARs,2026-08-29
EWY,CEDEAR ISHARES MSCI SOUTH KOREA ETF,AR$,BCBA,argentina,Acciones/CEDEARs,2026-08-29
EWYC,Cedear Ishares Msci South Korea Etf,US$,BCBA,argentina,Acciones/CEDEARs,2026-08-29
EWYD,Cedear Ishares Msci South Korea Etf,US$,BCBA,argentina,Acciones/CEDEARs,2026-08-29
EWZ,Cedear Ishares Msci Brazil Cap,AR$,BCBA,argentina,Acciones/CEDEARs,2026-08-29
EWZC,Cedear Ishares Msci Brazil Cap,US$,BCBA,argentina,Acciones/CEDEARs,2026-08-29
EWZD,Cedear Ishares Msci Brazil Cap,US$,BCBA,argentina,Acciones/CEDEARs,2026-08-29
F,Cedear Ford Motor Company,AR$,BCBA,argentina,Acciones/CEDEARs,2026-08-29
FC,Cedear Ford Motor Comany,US$,BCBA,argentina,Acciones/CEDEARs,2026-08-29
FCX,Cedear Freeport Mcmoran Inc,AR$,BCBA,argentina,Acciones/CEDEARs,2026-08-29
FCXC,Cedear Freeport Mcmoran Inc,US$,BCBA,argentina,Acciones/CEDEARs,2026-08-29
FCXD,Cedear Freeport Mcmoran Inc,US$,BCBA,argentina,Acciones/CEDEARs,2026-08-29
FD,Cedear Ford Motor Comany,US$,BCBA,argentina,Acciones/CEDEARs,2026-08-29
FDX,Cedear Federal Express Corp.,AR$,BCBA,argentina,Acciones/CEDEARs,2026-08-29
FDXC,Cedear Federal Express Corp.,US$,BCBA,argentina,Acciones/CEDEARs,2026-08-29
FDXD,Cedear Federal Express Corp.,US$,BCBA,argentina,Acciones/CEDEARs,2026-08-29
FERR,Ferrum,AR$,BCBA,argentina,Acciones/Panel General,2026-08-29
FIPL,Fiplasto,AR$,BCBA,argentina,Acciones/Panel General,2026-08-29
FISV,CEDEAR FISERV INC.,AR$,BCBA,argentina,Acciones/CEDEARs,2026-08-29
FISVD,Cedear Fiserv Inc.,US$,BCBA,argentina,Acciones/CEDEARs,2026-08-29
FMX,Cedear Fomento Ec.Mexicano Sab,AR$,BCBA,argentina,Acciones/CEDEARs,2026-08-29
FMXD,Cedear Fomento Ec.Mexicano Sab,US$,BCBA,argentina,Acciones/CEDEARs,2026-08-29
FNMA,Cedear Fed.Natl Mort-Fannie Mae Esc.,AR$,BCBA,argentina,Acciones/CEDEARs,2026-08-29
FO4AC,On Futuros Y Opciones.Com S.4 Cl.A 20/07/27 Usd,US$,BCBA,argentina,ObligacionesNegociables/Todas,2026-08-29
FO4AD,On Futuros Y Opciones.Com S.4 Cl.A 20/07/27 Usd,US$,BCBA,argentina,ObligacionesNegociables/Todas,2026-08-29
FO4AO,On Futuros Y Opciones.Com S.4 Cl.A 20/07/27 Usd,AR$,BCBA,argentina,ObligacionesNegociables/Todas,2026-08-29
FPC1O,On Fiplasto Conv En Acc Cl.1 U$S C.G,AR$,BCBA,argentina,ObligacionesNegociables/Todas,2026-08-29
FSLR,Cedear First Solar Inc.,AR$,BCBA,argentina,Acciones/CEDEARs,2026-08-29
FSLRD,Cedear First Solar Inc.,US$,BCBA,argentina,Acciones/CEDEARs,2026-08-29
FXI,Cedear Ishares Trust Ftse Chin,AR$,BCBA,argentina,Acciones/CEDEARs,2026-08-29
FXIC,Cedear Ishares Trust Ftse China 25 Index Fund,US$,BCBA,argentina,Acciones/CEDEARs,2026-08-29
FXID,Cedear Ishares Trust Ftse China 25 Index Fund,US$,BCBA,argentina,Acciones/CEDEARs,2026-08-29
FYC1C,On Farmcity Cl.1 11/05/29 Usd,US$,BCBA,argentina,ObligacionesNegociables/Todas,2026-08-29
FYC1D,On Farmcity Cl.1 11/05/29 Usd,US$,BCBA,argentina,ObligacionesNegociables/Todas,2026-08-29
FYC1O,On Farmcity Cl.1 11/05/29 Usd,AR$,BCBA,argentina,ObligacionesNegociables/Todas,2026-08-29
GAMI,B-Gaming S.A.,AR$,BCBA,argentina,Acciones/Panel General,2026-08-29
GARO,Garovaglio y Zorraquin,AR$,BCBA,argentina,Acciones/Panel General,2026-08-29
GBAN,Gas Natural BAN,AR$,BCBA,argentina,Acciones/Panel General,2026-08-29
GCDI,Gcdi S.A. Acciones Ord Esc.,AR$,BCBA,argentina,Acciones/Panel General,2026-08-29
GCLA,Grupo Clarín,AR$,BCBA,argentina,Acciones/Panel General,2026-08-29
GD29,BONOS REP. ARG. U$S 1% STEP UP V09/07/29,AR$,BCBA,argentina,Bonos/Soberanos en dólares | Bonos/Todos,2026-08-29
GD29C,BONOS REP. ARG. U$S 1% STEP UP V09/07/29,US$,BCBA,argentina,Bonos/Soberanos en dólares | Bonos/Todos,2026-08-29
GD29D,BONOS REP. ARG. U$S 1% STEP UP V09/07/29,US$,BCBA,argentina,Bonos/Soberanos en dólares | Bonos/Todos,2026-08-29
GD30,Bonos Rep. Arg. U$S Step Up V.09/07/30,AR$,BCBA,argentina,Bonos/Soberanos en dólares | Bonos/Todos,2026-08-29
GD30C,Bonos Rep. Arg. U$S Step Up V.09/07/30,US$,BCBA,argentina,Bonos/Soberanos en dólares | Bonos/Todos,2026-08-29
GD30D,Bonos Rep. Arg. U$S Step Up V.09/07/30,US$,BCBA,argentina,Bonos/Soberanos en dólares | Bonos/Todos,2026-08-29
GD35,Bonos Rep. Arg. U$S Step Up V.09/07/35,AR$,BCBA,argentina,Bonos/Soberanos en dólares | Bonos/Todos,2026-08-29
GD35C,Bonos Rep. Arg. U$S Step Up V.09/07/35,US$,BCBA,argentina,Bonos/Soberanos en dólares | Bonos/Todos,2026-08-29
GD35D,Bonos Rep. Arg. U$S Step Up V.09/07/35,US$,BCBA,argentina,Bonos/Soberanos en dólares | Bonos/Todos,2026-08-29
GD38,Bonos Rep. Arg. U$S Step Up V.09/01/38,AR$,BCBA,argentina,Bonos/Soberanos en dólares | Bonos/Todos,2026-08-29
GD38C,Bonos Rep. Arg. U$S Step Up V.09/01/38,US$,BCBA,argentina,Bonos/Soberanos en dólares | Bonos/Todos,2026-08-29
GD38D,Bonos Rep. Arg. U$S Step Up V.09/01/38,US$,BCBA,argentina,Bonos/Soberanos en dólares | Bonos/Todos,2026-08-29
GD41,Bonos Rep. Arg. U$S Step Up V.09/07/41,AR$,BCBA,argentina,Bonos/Soberanos en dólares | Bonos/Todos,2026-08-29
GD41C,BONOS REP. ARG. U$S STEP UP V.09/07/41,US$,BCBA,argentina,Bonos/Soberanos en dólares | Bonos/Todos,2026-08-29
GD41D,BONOS REP. ARG. U$S STEP UP V.09/07/41,US$,BCBA,argentina,Bonos/Soberanos en dólares | Bonos/Todos,2026-08-29
GD46,Bonos Rep. Arg. U$S Step Up V.09/07/46,AR$,BCBA,argentina,Bonos/Soberanos en dólares | Bonos/Todos,2026-08-29
GD46C,BONOS REP. ARG. U$S STEP UP V.09/07/46,US$,BCBA,argentina,Bonos/Soberanos en dólares | Bonos/Todos,2026-08-29
GD46D,BONOS REP. ARG. U$S STEP UP V.09/07/46,US$,BCBA,argentina,Bonos/Soberanos en dólares | Bonos/Todos,2026-08-29
GDX,Cedear Van Eck Gold Miners Etf,AR$,BCBA,argentina,Acciones/CEDEARs,2026-08-29
GDXD,Cedear Van Eck Gold Miners Etf,US$,BCBA,argentina,Acciones/CEDEARs,2026-08-29
GE,Cedear Ge Aerospace,AR$,BCBA,argentina,Acciones/CEDEARs,2026-08-29
GEC,Cedear Ge Aerospace,US$,BCBA,argentina,Acciones/CEDEARs,2026-08-29
GED,Cedear Ge Aerospace,US$,BCBA,argentina,Acciones/CEDEARs,2026-08-29
GES2L,On Pyme Georgalos Hnos. S.2 23/08/28 $,AR$,BCBA,argentina,ObligacionesNegociables/Todas,2026-08-29
GFI,Cedear Gold Fields Ltd.,AR$,BCBA,argentina,Acciones/CEDEARs,2026-08-29
GGAL,Grupo Financiero Galicia S.A,AR$,BCBA,argentina,Acciones/Merval | Acciones/Merval 25 | Acciones/Merval Argentina | Acciones/Burcap,2026-08-29
GGALD,Grupo Financiero Galicia S.A,US$,BCBA,argentina,Acciones/Merval Argentina,2026-08-29
GGB,Cedear Gerdau S.A.,AR$,BCBA,argentina,Acciones/CEDEARs,2026-08-29
GGBC,Cedear Gerdau S.A.,US$,BCBA,argentina,Acciones/CEDEARs,2026-08-29
GGBD,Cedear Gerdau S.A.,US$,BCBA,argentina,Acciones/CEDEARs,2026-08-29
GILD,"Cedear Gilead Sciences, Inc.",AR$,BCBA,argentina,Acciones/CEDEARs,2026-08-29
GILDC,"Cedear Gilead Sciences, Inc.",US$,BCBA,argentina,Acciones/CEDEARs,2026-08-29
GILDD,"Cedear Gilead Sciences, Inc.",US$,BCBA,argentina,Acciones/CEDEARs,2026-08-29
GLD,Cedear Etf Spdr Gold Trust,AR$,BCBA,argentina,Acciones/CEDEARs,2026-08-29
GLDC,Cedear Etf Spdr Gold Trust,US$,BCBA,argentina,Acciones/CEDEARs,2026-08-29
GLDD,Cedear Etf Spdr Gold Trust,US$,BCBA,argentina,Acciones/CEDEARs,2026-08-29
GLNG,CEDEAR GOLAR LNG LTD.,AR$,BCBA,argentina,Acciones/CEDEARs,2026-08-29
GLNGD,Cedear Golar Lng Ltd.,US$,BCBA,argentina,Acciones/CEDEARs,2026-08-29
GLOB,Cedear Globant S.A.,AR$,BCBA,argentina,Acciones/CEDEARs,2026-08-29
GLOBC,Cedear Globant S.A.,US$,BCBA,argentina,Acciones/CEDEARs,2026-08-29
GLOBD,Cedear Globant S.A.,US$,BCBA,argentina,Acciones/CEDEARs,2026-08-29
GLW,Cedear Corning Incorporated,AR$,BCBA,argentina,Acciones/CEDEARs,2026-08-29
GM,Cedear General Motors Co.,AR$,BCBA,argentina,Acciones/CEDEARs,2026-08-29
GMC,Cedear General Motors Co.,US$,BCBA,argentina,Acciones/CEDEARs,2026-08-29
GMD,Cedear General Motors Co.,US$,BCBA,argentina,Acciones/CEDEARs,2026-08-29
GN37O,On Genneia Cl. 37 U$S Vto.11/11/2026 Cg,AR$,BCBA,argentina,ObligacionesNegociables/Todas,2026-08-29
GN39C,On Genneia Cl. 39 Vto14/07/28 U$S Cg Ef,US$,BCBA,argentina,ObligacionesNegociables/Todas,2026-08-29
GN39D,On Genneia Cl. 39 Vto14/07/28 U$S Cg Ef,US$,BCBA,argentina,ObligacionesNegociables/Todas,2026-08-29
GN39O,On Genneia Cl. 39 Vto14/07/28 U$S Cg Ef,AR$,BCBA,argentina,ObligacionesNegociables/Todas,2026-08-29
GN42C,On Genneia 42 V16/05/27 U$S Cg Ef,US$,BCBA,argentina,ObligacionesNegociables/Todas,2026-08-29
GN42D,On Genneia 42 V16/05/27 U$S Cg Ef,US$,BCBA,argentina,ObligacionesNegociables/Todas,2026-08-29
GN42O,On Genneia 42 V16/05/27 U$S Cg Ef,AR$,BCBA,argentina,ObligacionesNegociables/Todas,2026-08-29
GN43D,On Genneia Cl. 43 V08/03/27 U$S Cg,US$,BCBA,argentina,ObligacionesNegociables/Todas,2026-08-29
GN43O,On Genneia Cl. 43 V08/03/27 U$S Cg,AR$,BCBA,argentina,ObligacionesNegociables/Todas,2026-08-29
GN47D,On Genneia Cl.47 V18/10/28 U$S Cg,US$,BCBA,argentina,ObligacionesNegociables/Todas,2026-08-29
GN47O,On Genneia Clase Xlvii Hard Dolar Vt 17/10/28,AR$,BCBA,argentina,ObligacionesNegociables/Todas,2026-08-29
GN48D,On Genneia Cl.48 V05/03/28,US$,BCBA,argentina,ObligacionesNegociables/Todas,2026-08-29
GN48O,On Genneia Cl.48 V05/03/28,AR$,BCBA,argentina,ObligacionesNegociables/Todas,2026-08-29
GN49C,On Genneia S.A. Clase Xlix 7.75% 02/12/33,US$,BCBA,argentina,ObligacionesNegociables/Todas,2026-08-29
GN49D,On Genneia S.A. Clase Xlix 7.75% 02/12/33,US$,BCBA,argentina,ObligacionesNegociables/Todas,2026-08-29
GN49O,On Genneia S.A. Clase Xlix 7.75% 02/12/33,AR$,BCBA,argentina,ObligacionesNegociables/Todas,2026-08-29
GOC4D,On Gen. Litoral Cl.4 U$S Vt 28/04/2029,US$,BCBA,argentina,ObligacionesNegociables/Todas,2026-08-29
GOC4O,On Gen. Litoral Cl.4 U$S Vt 28/04/2029,AR$,BCBA,argentina,ObligacionesNegociables/Todas,2026-08-29
GOGLC,Cedear Google Inc.,US$,BCBA,argentina,Acciones/CEDEARs,2026-08-29
GOGLD,Cedear Google Inc.,US$,BCBA,argentina,Acciones/CEDEARs,2026-08-29
GOOGL,Cedear Alphabet Inc. Cl. A,AR$,BCBA,argentina,Acciones/CEDEARs,2026-08-29
GPRK,Cedear Geopark Ltd.,AR$,BCBA,argentina,Acciones/CEDEARs,2026-08-29
GPRKC,Cedear Geopark Ltd.,US$,BCBA,argentina,Acciones/CEDEARs,2026-08-29
GPRKD,Cedear Geopark Ltd.,US$,BCBA,argentina,Acciones/CEDEARs,2026-08-29
GRIM,Grimoldi,AR$,BCBA,argentina,Acciones/Panel General,2026-08-29
GRMN,Cedear Garmin Ltd.,AR$,BCBA,argentina,Acciones/CEDEARs,2026-08-29
GRMND,Cedear Garmin Ltd.,US$,BCBA,argentina,Acciones/CEDEARs,2026-08-29
GS,Cedear The Goldman Sachs Group,AR$,BCBA,argentina,Acciones/CEDEARs,2026-08-29
GSC,Cedear The Goldman Sachs Group,US$,BCBA,argentina,Acciones/CEDEARs,2026-08-29
GSD,Cedear The Goldman Sachs Group,US$,BCBA,argentina,Acciones/CEDEARs,2026-08-29
GSK,Cedear Gsk Plc.,AR$,BCBA,argentina,Acciones/CEDEARs,2026-08-29
GSKC,Cedear Gsk Plc.,US$,BCBA,argentina,Acciones/CEDEARs,2026-08-29
GSKD,Cedear Gsk Plc.,US$,BCBA,argentina,Acciones/CEDEARs,2026-08-29
GT,Cedear Goodyear Tire & Rubber,AR$,BCBA,argentina,Acciones/CEDEARs,2026-08-29
GTD,Cedear Goodyear Tire & Rubber,US$,BCBA,argentina,Acciones/CEDEARs,2026-08-29
GYC4D,On 360 Ener.Sol. Cl.4 V.30/10/27,US$,BCBA,argentina,ObligacionesNegociables/Todas,2026-08-29
GYC4O,On 360 Ener.Sol. Cl.4 V.30/10/27,AR$,BCBA,argentina,ObligacionesNegociables/Todas,2026-08-29
GYC5C,On 360 Ener.Sol. Cl.5 V05/09/27 U$S C.G. Usdc,US$,BCBA,argentina,ObligacionesNegociables/Todas,2026-08-29
GYC5D,On 360 Ener.Sol. Cl.5 V05/09/27 U$S C.G.,US$,BCBA,argentina,ObligacionesNegociables/Todas,2026-08-29
GYC5O,On 360 Ener.Sol. Cl.5 V05/09/27 U$S C.G.,AR$,BCBA,argentina,ObligacionesNegociables/Todas,2026-08-29
HAL,Cedear Halliburton Co.,AR$,BCBA,argentina,Acciones/CEDEARs,2026-08-29
HALC,Cedear Halliburton Co.,US$,BCBA,argentina,Acciones/CEDEARs,2026-08-29
HALD,Cedear Halliburton Co.,US$,BCBA,argentina,Acciones/CEDEARs,2026-08-29
HAPV3,Cedear Hapvida Participacoes I Investimentos Sa,AR$,BCBA,argentina,Acciones/CEDEARs,2026-08-29
HARG,Holcim (Argentina) Ords. 1 Voto,AR$,BCBA,argentina,Acciones/Panel General,2026-08-29
HAVA,Havanna Holding S.A.,AR$,BCBA,argentina,Acciones/Panel General,2026-08-29
HBCBO,On Banco Hipotecario Cl.11 20/11/26 $,AR$,BCBA,argentina,ObligacionesNegociables/Todas,2026-08-29
HBCDC,On Banco Hipotecario Cl.12 20/11/26 Usdc,US$,BCBA,argentina,ObligacionesNegociables/Todas,2026-08-29
HBCDD,On Banco Hipotecario Cl.12 20/11/26 Usd,US$,BCBA,argentina,ObligacionesNegociables/Todas,2026-08-29
HBCDO,On Banco Hipotecario Cl.12 20/11/26,AR$,BCBA,argentina,ObligacionesNegociables/Todas,2026-08-29
HBCEC,On Banco Hipotecario Cl.13 23/02/27 $,US$,BCBA,argentina,ObligacionesNegociables/Todas,2026-08-29
HBCED,On Banco Hipotecario Cl.13 23/02/27 $,US$,BCBA,argentina,ObligacionesNegociables/Todas,2026-08-29
HBCEO,On Banco Hipotecario Cl.13 23/02/27 $,AR$,BCBA,argentina,ObligacionesNegociables/Todas,2026-08-29
HBCFC,On Banco Hipotecario Cl.14 23/02/27 Usd,US$,BCBA,argentina,ObligacionesNegociables/Todas,2026-08-29
HBCFD,On Banco Hipotecario Cl.14 23/02/27 Usd,US$,BCBA,argentina,ObligacionesNegociables/Todas,2026-08-29
HBCFO,On Banco Hipotecario Cl.14 23/02/27 Usd,AR$,BCBA,argentina,ObligacionesNegociables/Todas,2026-08-29
HBCGO,ON BANCO HIPOTECARIO CL.15 24/08/27 USD,AR$,BCBA,argentina,ObligacionesNegociables/Todas,2026-08-29
HD,Cedear The Home Depot Inc.,AR$,BCBA,argentina,Acciones/CEDEARs,2026-08-29
HDB,Cedear Hdfc Bank Limited,AR$,BCBA,argentina,Acciones/CEDEARs,2026-08-29
HDC,Cedear The Home Depot Inc.,US$,BCBA,argentina,Acciones/CEDEARs,2026-08-29
HDD,Cedear The Home Depot Inc.,US$,BCBA,argentina,Acciones/CEDEARs,2026-08-29
HIMS,CEDEAR HIMS & HERS HEALTH INC.,AR$,BCBA,argentina,Acciones/CEDEARs,2026-08-29
HIMSC,Cedear Hims & Hers Health Inc.,US$,BCBA,argentina,Acciones/CEDEARs,2026-08-29
HIMSD,Cedear Hims & Hers Health Inc.,US$,BCBA,argentina,Acciones/CEDEARs,2026-08-29
HJCFD,On John Deere Cred Cl14 V21/10/26 U$S Cg,US$,BCBA,argentina,ObligacionesNegociables/Todas,2026-08-29
HJCFO,On John Deere Cred Clase 14 U$S Vto. 21/10/2026,AR$,BCBA,argentina,ObligacionesNegociables/Todas,2026-08-29
HJCGD,On John Deere Cred Cl15 V21/10/28,US$,BCBA,argentina,ObligacionesNegociables/Todas,2026-08-29
HJCGO,On John Deere Clase Xv Vt 21/10/2028,AR$,BCBA,argentina,ObligacionesNegociables/Todas,2026-08-29
HJCHD,On John Deere Cred Cl16 V17/01/28 U$S,US$,BCBA,argentina,ObligacionesNegociables/Todas,2026-08-29
HJCHO,On John Deere Cred Cl16 V17/01/28,AR$,BCBA,argentina,ObligacionesNegociables/Todas,2026-08-29
HJCID,On John Deere Cred Cl17 V27/05/27 U$S Cg,US$,BCBA,argentina,ObligacionesNegociables/Todas,2026-08-29
HJCIO,On John Deere Cred Cl17 V27/05/27 U$S Cg,AR$,BCBA,argentina,ObligacionesNegociables/Todas,2026-08-29
HJCJD,On John Deere Cred Cl18 V25/07/27 U$S Cg,US$,BCBA,argentina,ObligacionesNegociables/Todas,2026-08-29
HJCJO,On John Deere Cred Cl18 V25/07/27 U$S Cg,AR$,BCBA,argentina,ObligacionesNegociables/Todas,2026-08-29
HJCKD,On John Deere Credit Cia. Financiera Cl.19 16/01/2,US$,BCBA,argentina,ObligacionesNegociables/Todas,2026-08-29
HJCKO,On John Deere Credit Cia. Financiera Cl.19 16/01/29,AR$,BCBA,argentina,ObligacionesNegociables/Todas,2026-08-29
HJCLC,On John Deere Credit Compañia Financiera Cl.20 08/,US$,BCBA,argentina,ObligacionesNegociables/Todas,2026-08-29
HJCLD,On John Deere Credit Compañia Financiera Cl.20 08/,US$,BCBA,argentina,ObligacionesNegociables/Todas,2026-08-29
HJCLO,On John Deere Credit Compañia Financiera Cl.20 08/12/28 Usd,AR$,BCBA,argentina,ObligacionesNegociables/Todas,2026-08-29
HL,Cedear Hecla Mining Co,AR$,BCBA,argentina,Acciones/CEDEARs,2026-08-29
HLD,Cedear Hecla Mining Co.,US$,BCBA,argentina,Acciones/CEDEARs,2026-08-29
HMC,Cedear Honda Motor Co. Ltd.,AR$,BCBA,argentina,Acciones/CEDEARs,2026-08-29
HMY,Cedear Harmony Gold Mining Co,AR$,BCBA,argentina,Acciones/CEDEARs,2026-08-29
HMYC,Cedear Harmony Gold Mining Co.,US$,BCBA,argentina,Acciones/CEDEARs,2026-08-29
HMYD,Cedear Harmony Gold Mining Co,US$,BCBA,argentina,Acciones/CEDEARs,2026-08-29
HOG,Cedear Harley Davidson Inc,AR$,BCBA,argentina,Acciones/CEDEARs,2026-08-29
HON,Cedear Honeywell International,AR$,BCBA,argentina,Acciones/CEDEARs,2026-08-29
HOND,Cedear Honeywell International,US$,BCBA,argentina,Acciones/CEDEARs,2026-08-29
HOOD,Cedear Robinhood Markets Inc.,AR$,BCBA,argentina,Acciones/CEDEARs,2026-08-29
HOODC,Cedear Robinhood Markets Inc.,US$,BCBA,argentina,Acciones/CEDEARs,2026-08-29
HOODD,Cedear Robinhood Markets Inc.,US$,BCBA,argentina,Acciones/CEDEARs,2026-08-29
HPQ,Cedear Hp Inc.,AR$,BCBA,argentina,Acciones/CEDEARs,2026-08-29
HPQC,Cedear Hp Inc.,US$,BCBA,argentina,Acciones/CEDEARs,2026-08-29
HPQD,Cedear Hp Inc.,US$,BCBA,argentina,Acciones/CEDEARs,2026-08-29
HSBC,Cedear Hsbc Holding Plc Adr,AR$,BCBA,argentina,Acciones/CEDEARs,2026-08-29
HSY,Cedear The Hershey Company,AR$,BCBA,argentina,Acciones/CEDEARs,2026-08-29
HSYC,Cedear The Hershey Company,US$,BCBA,argentina,Acciones/CEDEARs,2026-08-29
HSYD,Cedear The Hershey Company,US$,BCBA,argentina,Acciones/CEDEARs,2026-08-29
HUT,Cedear Hut 8 Mining Corp.,AR$,BCBA,argentina,Acciones/CEDEARs,2026-08-29
HUTC,Cedear Hut 8 Mining Corp.,US$,BCBA,argentina,Acciones/CEDEARs,2026-08-29
HUTD,Cedear Hut 8 Mining Corp.,US$,BCBA,argentina,Acciones/CEDEARs,2026-08-29
HVS1C,On Havanna S.1 V.8/07/28 U$S Cg,US$,BCBA,argentina,ObligacionesNegociables/Todas,2026-08-29
HVS1D,On Havanna S.1 V.8/07/28 U$S Cg,US$,BCBA,argentina,ObligacionesNegociables/Todas,2026-08-29
HVS1O,On Havanna S.1 V.8/07/28 U$S Cg,AR$,BCBA,argentina,ObligacionesNegociables/Todas,2026-08-29
HWM,Cedear Howmet Aerospace Inc,AR$,BCBA,argentina,Acciones/CEDEARs,2026-08-29
HWMC,Cedear Howmet Aerospace Inc,US$,BCBA,argentina,Acciones/CEDEARs,2026-08-29
HWMD,Cedear Howmet Aerospace Inc,US$,BCBA,argentina,Acciones/CEDEARs,2026-08-29
IBB,Cedear Ishares Nasdaq Biotechn,AR$,BCBA,argentina,Acciones/CEDEARs,2026-08-29
IBBC,Cedear Ishares Nasdaq Biotechn,US$,BCBA,argentina,Acciones/CEDEARs,2026-08-29
IBBD,Cedear Ishares Nasdaq Biotechn,US$,BCBA,argentina,Acciones/CEDEARs,2026-08-29
IBIT,Cedear Ishares Bitcoin Tr (Ibi,AR$,BCBA,argentina,Acciones/CEDEARs,2026-08-29
IBITC,Cedear Ishares Bitcoin Tr,US$,BCBA,argentina,Acciones/CEDEARs,2026-08-29
IBITD,Cedear Ishares Bitcoin Tr,US$,BCBA,argentina,Acciones/CEDEARs,2026-08-29
IBM,Cedear Int.Business Machines (Ibm),AR$,BCBA,argentina,Acciones/CEDEARs,2026-08-29
IBMC,Cedear Int.Business Machines C,US$,BCBA,argentina,Acciones/CEDEARs,2026-08-29
IBMD,Cedear Int.Business Machines (Ibm),US$,BCBA,argentina,Acciones/CEDEARs,2026-08-29
IBN,Cedear Icici Bank Ltd.,AR$,BCBA,argentina,Acciones/CEDEARs,2026-08-29
ICC6C,On Icbc Cl.6 22/05/27 Usd,US$,BCBA,argentina,ObligacionesNegociables/Todas,2026-08-29
ICC6D,On Icbc Cl.6 22/05/27 Usd,US$,BCBA,argentina,ObligacionesNegociables/Todas,2026-08-29
ICC6O,On Icbc Cl.6 22/05/27 Usd,AR$,BCBA,argentina,ObligacionesNegociables/Todas,2026-08-29
ICLN,CEDEAR ISHARES GLOBAL CLEAN ENERGY ETF,AR$,BCBA,argentina,Acciones/CEDEARs,2026-08-29
ICLNC,Cedear Ishares Global Clean Energy Etf,US$,BCBA,argentina,Acciones/CEDEARs,2026-08-29
ICLND,Cedear Ishares Global Clean Energy Etf,US$,BCBA,argentina,Acciones/CEDEARs,2026-08-29
IEB,Dycasa,AR$,BCBA,argentina,Acciones/Panel General,2026-08-29
IEMG,Cedear Ishares Core Msci Emerg,AR$,BCBA,argentina,Acciones/CEDEARs,2026-08-29
IEMGD,Cedear Ishares Core Msci Emerg,US$,BCBA,argentina,Acciones/CEDEARs,2026-08-29
IEUR,Cedear Ishares Core Msci Europ,AR$,BCBA,argentina,Acciones/CEDEARs,2026-08-29
IEURC,Cedear Ishares Core Msci Europe,US$,BCBA,argentina,Acciones/CEDEARs,2026-08-29
IEURD,Cedear Ishares Core Msci Europ,US$,BCBA,argentina,Acciones/CEDEARs,2026-08-29
IFF,Cedear Inter. Flavors&Fragance,AR$,BCBA,argentina,Acciones/CEDEARs,2026-08-29
IFFD,Cedear International Flavors & Fragrance,US$,BCBA,argentina,Acciones/CEDEARs,2026-08-29
IJH,Cedear Etf Ishares Core S&P Mid - Cap,AR$,BCBA,argentina,Acciones/CEDEARs,2026-08-29
IJHD,Cedear Etf Ishares Core S&P Mi,US$,BCBA,argentina,Acciones/CEDEARs,2026-08-29
ILF,Cedear Ishares Latin America 40 Etf,AR$,BCBA,argentina,Acciones/CEDEARs,2026-08-29
ILFC,Cedear Ishares Latin America 40 Etf,AR$,BCBA,argentina,Acciones/CEDEARs,2026-08-29
ILFD,Cedear Ishares Latin America 40 Etf,US$,BCBA,argentina,Acciones/CEDEARs,2026-08-29
INAG,Insumos Agroquímicos,AR$,BCBA,argentina,Acciones/Panel General,2026-08-29
INFY,Cedear Infosys Limited,AR$,BCBA,argentina,Acciones/CEDEARs,2026-08-29
INFYC,Cedear Infosys Limited,US$,BCBA,argentina,Acciones/CEDEARs,2026-08-29
ING,Cedear Ing Group Nv Adr,AR$,BCBA,argentina,Acciones/CEDEARs,2026-08-29
INGD,Cedear Ing Group Nv Adr,US$,BCBA,argentina,Acciones/CEDEARs,2026-08-29
INTC,Cedear Intel Corporation,AR$,BCBA,argentina,Acciones/CEDEARs,2026-08-29
INTCC,Cedear Intel Corporation,US$,BCBA,argentina,Acciones/CEDEARs,2026-08-29
INTCD,Cedear Intel Corporation,US$,BCBA,argentina,Acciones/CEDEARs,2026-08-29
INTR,Compania Introductora de Bs As,AR$,BCBA,argentina,Acciones/Panel General,2026-08-29
INVJ,Inversora Juramento S.A.,AR$,BCBA,argentina,Acciones/Panel General,2026-08-29
IOLCAMA,IOL Cash Management,peso_Argentino,bcba,argentina,FCI/Todos,2026-08-29
IOLDOLD,IOL Dólar Ahorro Plus,dolar_Estadounidense,bcba,argentina,FCI/Todos,2026-08-29
IOLPORA,IOL Portafolio Potenciado,peso_Argentino,bcba,argentina,FCI/Todos,2026-08-29
IP,Cedear International Paper Com,AR$,BCBA,argentina,Acciones/CEDEARs,2026-08-29
IPD,Cedear International Paper Com,US$,BCBA,argentina,Acciones/CEDEARs,2026-08-29
IRCFC,"On Irsa Clase Xiv 8,75% Vto 22/06/2028",US$,BCBA,argentina,ObligacionesNegociables/Todas,2026-08-29
IRCFD,"On Irsa Clase Xiv 8,75% Vto 22/06/2028",US$,BCBA,argentina,ObligacionesNegociables/Todas,2026-08-29
IRCFO,"On Irsa Clase Xiv 8,75% Vto 22/06/2028",AR$,BCBA,argentina,ObligacionesNegociables/Todas,2026-08-29
IRCJD,On Irsa Inver Y Rep C18 V28/02/27 U$S Cg,US$,BCBA,argentina,ObligacionesNegociables/Todas,2026-08-29
IRCJO,On Irsa Inver Y Rep C18 V28/02/27 U$S Cg,AR$,BCBA,argentina,ObligacionesNegociables/Todas,2026-08-29
IRCND,On Irsa Inver Y Rep C22 V23/10/27 U$S Cg,US$,BCBA,argentina,ObligacionesNegociables/Todas,2026-08-29
IRCNO,On Irsa Clase 22 Vt 23/10/2027,AR$,BCBA,argentina,ObligacionesNegociables/Todas,2026-08-29
IRCOD,On Irsa Inver Y Rep C23 V23/10/29 U$S Cg,US$,BCBA,argentina,ObligacionesNegociables/Todas,2026-08-29
IRCOO,On Irsa Clase 23 Vt 23/10/2029,AR$,BCBA,argentina,ObligacionesNegociables/Todas,2026-08-29
IRCPC,On Irsa Inv. Y Rep. V 31/03/35 Usdc,US$,BCBA,argentina,ObligacionesNegociables/Todas,2026-08-29
IRCPD,On Irsa Inv. Y Rep. V 31/03/35 U$,US$,BCBA,argentina,ObligacionesNegociables/Todas,2026-08-29
IRCPO,On Irsa Inv. Y Rep. V 31/03/35,AR$,BCBA,argentina,ObligacionesNegociables/Todas,2026-08-29
IRCQC,On Irsa Inversiones Y Representaciones Cl.25 08/06,US$,BCBA,argentina,ObligacionesNegociables/Todas,2026-08-29
IRCQD,On Irsa Inversiones Y Representaciones Cl.25 08/06,US$,BCBA,argentina,ObligacionesNegociables/Todas,2026-08-29
IRCQO,On Irsa Inversiones Y Representaciones Cl.25 08/06/27 Usd,AR$,BCBA,argentina,ObligacionesNegociables/Todas,2026-08-29
IREN,CEDEAR IREN LTD.,AR$,BCBA,argentina,Acciones/CEDEARs,2026-08-29
IRENC,Cedear Iren Ltd.,US$,BCBA,argentina,Acciones/CEDEARs,2026-08-29
IREND,Cedear Iren Ltd.,US$,BCBA,argentina,Acciones/CEDEARs,2026-08-29
IRSA,Irsa,AR$,BCBA,argentina,Acciones/Merval | Acciones/Panel General,2026-08-29
IRSAD,Irsa,US$,BCBA,argentina,Acciones/Merval Argentina,2026-08-29
ISG29,B. MUNIC. SAN ISIDRO 18/08/29,AR$,BCBA,argentina,Bonos/Todos,2026-08-29
ISRG,Cedear Intuitive Surgical Inc.,AR$,BCBA,argentina,Acciones/CEDEARs,2026-08-29
ITA,Cedear Ishares U.S. Aeropace & Defense Etf,AR$,BCBA,argentina,Acciones/CEDEARs,2026-08-29
ITAC,Cedear Ishares U.S. Aeropace & Defense Etf Usdc,AR$,BCBA,argentina,Acciones/CEDEARs,2026-08-29
ITAD,CEDEAR ISHARES U.S. AEROPACE & DEFENSE ETF USD,US$,BCBA,argentina,Acciones/CEDEARs,2026-08-29
ITUB,Cedear Itau Unibanco Holding Sa,AR$,BCBA,argentina,Acciones/CEDEARs,2026-08-29
ITUB3,Cedear Banco Itau Unibanco Sa,AR$,BCBA,argentina,Acciones/CEDEARs,2026-08-29
ITUBC,Cedear Itau Unibanco Holding Sa,US$,BCBA,argentina,Acciones/CEDEARs,2026-08-29
ITUBD,Cedear Itau Unibanco Holding S,US$,BCBA,argentina,Acciones/CEDEARs,2026-08-29
IVE,Cedear Ishares S&P 500 Value E,AR$,BCBA,argentina,Acciones/CEDEARs,2026-08-29
IVEC,Cedear Ishares S&P 500 Value E,US$,BCBA,argentina,Acciones/CEDEARs,2026-08-29
IVED,Cedear Ishares S&P 500 Value E,US$,BCBA,argentina,Acciones/CEDEARs,2026-08-29
IVV,CEDEAR ISHARES CORE S&P 500 ETF,AR$,BCBA,argentina,Acciones/CEDEARs,2026-08-29
IVVC,Cedear Ishares Core S&P 500 Etf,US$,BCBA,argentina,Acciones/CEDEARs,2026-08-29
IVVD,Cedear Ishares Core S&P 500 Etf,US$,BCBA,argentina,Acciones/CEDEARs,2026-08-29
IVW,Cedear Ishares S&P 500 Growth,AR$,BCBA,argentina,Acciones/CEDEARs,2026-08-29
IVWC,Cedear Ishares S&P 500 Growth,US$,BCBA,argentina,Acciones/CEDEARs,2026-08-29
IVWD,Cedear Ishares S&P 500 Growth,US$,BCBA,argentina,Acciones/CEDEARs,2026-08-29
IWM,Cedear Ishares Trust Russell 2000,AR$,BCBA,argentina,Acciones/CEDEARs,2026-08-29
IWMC,Cedear Ishares Trust Russell 2000,US$,BCBA,argentina,Acciones/CEDEARs,2026-08-29
IWMD,Cedear Ishares Trust Russell 2000,US$,BCBA,argentina,Acciones/CEDEARs,2026-08-29
JCI,Cedear Johnson Controls Intern,AR$,BCBA,argentina,Acciones/CEDEARs,2026-08-29
JD,"Cedear Jd.Com, Inc.",AR$,BCBA,argentina,Acciones/CEDEARs,2026-08-29
JDC,"Cedear Jd.Com, Inc.",US$,BCBA,argentina,Acciones/CEDEARs,2026-08-29
JDD,"Cedear Jd.Com, Inc.",US$,BCBA,argentina,Acciones/CEDEARs,2026-08-29
JMIA,Cedear Jumia Technologies Ag,AR$,BCBA,argentina,Acciones/CEDEARs,2026-08-29
JMIAC,Cedear Jumia Technologies Ag,US$,BCBA,argentina,Acciones/CEDEARs,2026-08-29
JMIAD,Cedear Jumia Technologies Ag,US$,BCBA,argentina,Acciones/CEDEARs,2026-08-29
JNC5D,On Inv. Juramento Cl.5 V09/10/26 U$S Cg,US$,BCBA,argentina,ObligacionesNegociables/Todas,2026-08-29
JNC5O,On Inv. Juramento Cl.5 V09/10/26 U$S Cg,AR$,BCBA,argentina,ObligacionesNegociables/Todas,2026-08-29
JNC6C,On Inversora Juramento Cl.6 03/10/27 Usd,US$,BCBA,argentina,ObligacionesNegociables/Todas,2026-08-29
JNC6D,On Inversora Juramento Cl.6 03/10/27 Usd,US$,BCBA,argentina,ObligacionesNegociables/Todas,2026-08-29
JNC6O,On Inversora Juramento Cl.6 03/10/27 Usd,AR$,BCBA,argentina,ObligacionesNegociables/Todas,2026-08-29
JNC7C,On Inversora Juramento Cl.7 25/06/28 Usd,US$,BCBA,argentina,ObligacionesNegociables/Todas,2026-08-29
JNC7D,On Inversora Juramento Cl.7 25/06/28 Usd,US$,BCBA,argentina,ObligacionesNegociables/Todas,2026-08-29
JNC7O,On Inversora Juramento Cl.7 25/06/28 Usd,AR$,BCBA,argentina,ObligacionesNegociables/Todas,2026-08-29
JNJ,Cedear Johnson & Johnson,AR$,BCBA,argentina,Acciones/CEDEARs,2026-08-29
JNJC,Cedear Johnson & Johnson,US$,BCBA,argentina,Acciones/CEDEARs,2026-08-29
JNJD,Cedear Johnson & Johnson,US$,BCBA,argentina,Acciones/CEDEARs,2026-08-29
JOYY,Cedear Joyy Inc.,AR$,BCBA,argentina,Acciones/CEDEARs,2026-08-29
JOYYD,Cedear Joyy Inc.,US$,BCBA,argentina,Acciones/CEDEARs,2026-08-29
JPM,Cedear Jpmorgan Chase & Co.,AR$,BCBA,argentina,Acciones/CEDEARs,2026-08-29
JPMC,Cedear Jpmorgan Chase & Co.,US$,BCBA,argentina,Acciones/CEDEARs,2026-08-29
JPMD,Cedear Jpmorgan Chase & Co.,US$,BCBA,argentina,Acciones/CEDEARs,2026-08-29
KB,Cedear Kb Financial Group Inc.,AR$,BCBA,argentina,Acciones/CEDEARs,2026-08-29
KEEL,Cedear Keel Infrastructure,AR$,BCBA,argentina,Acciones/CEDEARs,2026-08-29
KEELC,Cedear Keel Infrastructure,US$,BCBA,argentina,Acciones/CEDEARs,2026-08-29
KEELD,Cedear Keel Infrastructure,US$,BCBA,argentina,Acciones/CEDEARs,2026-08-29
KEP,Cedear Korea Electronic Power,AR$,BCBA,argentina,Acciones/CEDEARs,2026-08-29
KGC,Cedear Kinross Gold Corp,AR$,BCBA,argentina,Acciones/CEDEARs,2026-08-29
KMB,Cedear Kimberly Clark Corporation,AR$,BCBA,argentina,Acciones/CEDEARs,2026-08-29
KMBC,Cedear Kimberly Clark Corporat,US$,BCBA,argentina,Acciones/CEDEARs,2026-08-29
KMBD,Cedear Kimberly Clark Corporat,US$,BCBA,argentina,Acciones/CEDEARs,2026-08-29
KO,Cedear The Coca Cola Company,AR$,BCBA,argentina,Acciones/CEDEARs,2026-08-29
KOC,Cedear The Coca Cola Company,US$,BCBA,argentina,Acciones/CEDEARs,2026-08-29
KOD,Cedear The Coca Cola Company,US$,BCBA,argentina,Acciones/CEDEARs,2026-08-29
KOFM,Cedear Coca Cola Femsa Sab De,AR$,BCBA,argentina,Acciones/CEDEARs,2026-08-29
KYS1P,On Pyme Milkynet S.1 V.27/12/26 $ Cg,AR$,BCBA,argentina,ObligacionesNegociables/Todas,2026-08-29
LA21P,On Pyme Cnv Gar S 2 C 1 - Vto.10-12-26,AR$,BCBA,argentina,ObligacionesNegociables/Todas,2026-08-29
LAC,Cedear Lithium Americas Corp,AR$,BCBA,argentina,Acciones/CEDEARs,2026-08-29
LACD,Cedear Lithium Americas Corp,US$,BCBA,argentina,Acciones/CEDEARs,2026-08-29
LAR,Cedear Lithium Argentina Ag.,AR$,BCBA,argentina,Acciones/CEDEARs,2026-08-29
LARC,Cedear Lithium Argentina Ag,US$,BCBA,argentina,Acciones/CEDEARs,2026-08-29
LARD,Cedear Lithium Argentina Ag.,US$,BCBA,argentina,Acciones/CEDEARs,2026-08-29
LDCGD,On Ledesma Cl.15 Vto.04/10/27 U$S,US$,BCBA,argentina,ObligacionesNegociables/Todas,2026-08-29
LDCGO,On Ledesma Cl.15 Vto.04/10/27,AR$,BCBA,argentina,ObligacionesNegociables/Todas,2026-08-29
LECAC,On Albanesi Energia 10 V21/09/27,US$,BCBA,argentina,ObligacionesNegociables/Todas,2026-08-29
LECAD,On Albanesi Energia 10 V21/09/27,US$,BCBA,argentina,ObligacionesNegociables/Todas,2026-08-29
LECAO,On Albanesi Cl 10 V21/09/2027,AR$,BCBA,argentina,ObligacionesNegociables/Todas,2026-08-29
LECAP 16-10-2026,Lecap 16-10-2026,AR$,BCBA,argentina,Letras/Todas,2026-08-29
LECGD,On Albanesi Energ. Cl.15 V30/08/27 U$S Cg,US$,BCBA,argentina,ObligacionesNegociables/Todas,2026-08-29
LECGO,On Albanesi Energ. Cl.15 V30/08/27 U$S Cg,AR$,BCBA,argentina,ObligacionesNegociables/Todas,2026-08-29
LECHD,On Albanesi Energ. Cl.16 V28/08/27 U$S Cg,US$,BCBA,argentina,ObligacionesNegociables/Todas,2026-08-29
LECHO,On Albanesi Energ. Cl.16 V28/08/27 U$S Cg,AR$,BCBA,argentina,ObligacionesNegociables/Todas,2026-08-29
LECID,On Albanesi Energ. Cl.17 Vto. 28/08/28 U$S,US$,BCBA,argentina,ObligacionesNegociables/Todas,2026-08-29
LECIO,On Albanesi Energ. Cl.17 Vto. 28/08/28 U$S,AR$,BCBA,argentina,ObligacionesNegociables/Todas,2026-08-29
LECLO,On Albanesi Energ.Cl.20 V01/11/31 U$S Cg,AR$,BCBA,argentina,ObligacionesNegociables/Todas,2026-08-29
LEDE,Ledesma,AR$,BCBA,argentina,Acciones/Panel General,2026-08-29
LELINK 15-01-2027,Lelink 15-01-2027,AR$,BCBA,argentina,Letras/Todas,2026-08-29
LK01Q,Cp Ff Inmobiliario Landtoken 1 Usd,AR$,BCBA,argentina,Bonos/Todos,2026-08-29
LK1QD,Cp Ff Inmobiliario Landtoken 1 Usd,US$,BCBA,argentina,Bonos/Todos,2026-08-29
LLY,Cedear Elililly And Company,AR$,BCBA,argentina,Acciones/CEDEARs,2026-08-29
LLYC,Cedear Elililly And Company,US$,BCBA,argentina,Acciones/CEDEARs,2026-08-29
LLYD,Cedear Elililly And Company,US$,BCBA,argentina,Acciones/CEDEARs,2026-08-29
LMS7D,On Aluar S.7 V12/10/28 U$S Cg,US$,BCBA,argentina,ObligacionesNegociables/Todas,2026-08-29
LMS7O,On Aluar S.7 V12/10/28 U$S Cg,AR$,BCBA,argentina,ObligacionesNegociables/Todas,2026-08-29
LMS8D,On Aluar S.8 V21/03/27 U$S Cg,US$,BCBA,argentina,ObligacionesNegociables/Todas,2026-08-29
LMS8O,On Aluar S.8 V21/03/27 U$S Cg,AR$,BCBA,argentina,ObligacionesNegociables/Todas,2026-08-29
LMT,Cedear Lockheed Martin Corporation,AR$,BCBA,argentina,Acciones/CEDEARs,2026-08-29
LMTC,Cedear Lockheed Martin Corpora,US$,BCBA,argentina,Acciones/CEDEARs,2026-08-29
LMTD,Cedear Lockheed Martin Corporation,US$,BCBA,argentina,Acciones/CEDEARs,2026-08-29
LND,Cedear Brasilagro Com,AR$,BCBA,argentina,Acciones/CEDEARs,2026-08-29
LOC5C,On Loma Negra 5 V.24/07/27 U$S Cg,US$,BCBA,argentina,ObligacionesNegociables/Todas,2026-08-29
LOC5D,On Loma Negra 5 V.24/07/27 U$S Cg,US$,BCBA,argentina,ObligacionesNegociables/Todas,2026-08-29
LOC5O,On Loma Negra 5 V.24/07/27 U$S Cg,AR$,BCBA,argentina,ObligacionesNegociables/Todas,2026-08-29
LOC6C,On Loma Negra Cl.6 23/01/29 Usd,US$,BCBA,argentina,ObligacionesNegociables/Todas,2026-08-29
LOC6D,On Loma Negra Cl.6 23/01/29 Usd,US$,BCBA,argentina,ObligacionesNegociables/Todas,2026-08-29
LOC6O,On Loma Negra Cl.6 23/01/29 Usd,AR$,BCBA,argentina,ObligacionesNegociables/Todas,2026-08-29
LOMA,Loma Negra Compañia Industrial Argentina Sa,AR$,BCBA,argentina,Acciones/Merval 25 | Acciones/Merval Argentina,2026-08-29
LOMAD,Loma Negra Compañia Industrial Argentina Sa,US$,BCBA,argentina,Acciones/Merval Argentina,2026-08-29
LONG,Longvie,AR$,BCBA,argentina,Acciones/Panel General,2026-08-29
LQC1C,On P. C. Riv. /Ltp S1 28/07/34,US$,BCBA,argentina,ObligacionesNegociables/Todas,2026-08-29
LQC1D,On P. C. Riv. /Ltp S1 28/07/34,US$,BCBA,argentina,ObligacionesNegociables/Todas,2026-08-29
LQC1O,On P. C. Riv. /Ltp S1 28/07/34,AR$,BCBA,argentina,ObligacionesNegociables/Todas,2026-08-29
LR3DO,LABORATORIOS RICHMOND S.A.C.I.F. - SERIE III CLASE DOLAR- Vto. 13/11/2030,AR$,BCBA,argentina,ObligacionesNegociables/Todas,2026-08-29
LR8AO,On L. Richmond S8 Cl.A 31/7/28,AR$,BCBA,argentina,ObligacionesNegociables/Todas,2026-08-29
LR8BD,On L. Richmond S8 Cl.B 31/7/28,US$,BCBA,argentina,ObligacionesNegociables/Todas,2026-08-29
LR8BO,On L. Richmond S8 Cl.B 31/7/28,AR$,BCBA,argentina,ObligacionesNegociables/Todas,2026-08-29
LRCX,Cedear Lam Research Corp.,AR$,BCBA,argentina,Acciones/CEDEARs,2026-08-29
LRCXC,Cedear Lam Research Corp.,US$,BCBA,argentina,Acciones/CEDEARs,2026-08-29
LRCXD,Cedear Lam Research Corp.,US$,BCBA,argentina,Acciones/CEDEARs,2026-08-29
LREN3,Cedear Lojas Renner S.A.,AR$,BCBA,argentina,Acciones/CEDEARs,2026-08-29
LUC5D,On Luz De Tres Picos Cl.5 26/02/29 Usd,US$,BCBA,argentina,ObligacionesNegociables/Todas,2026-08-29
LUC5O,On Luz De Tres Picos Cl.5 26/02/29 Usd,AR$,BCBA,argentina,ObligacionesNegociables/Todas,2026-08-29
LVS,Cedear Las Vegas Sands Corp.,AR$,BCBA,argentina,Acciones/CEDEARs,2026-08-29
LYG,Cedear Lloyds Banking Group Pl,AR$,BCBA,argentina,Acciones/CEDEARs,2026-08-29
M31G6,Letra Tesoro Nacional Tamar Capitalizable 31/08/26,AR$,BCBA,argentina,Letras/Todas,2026-08-29
M31Y7,M31y7 Vto 31/05/2027,AR$,BCBA,argentina,Letras/Todas,2026-08-29
MA,Cedear Mastercard Inc.,AR$,BCBA,argentina,Acciones/CEDEARs,2026-08-29
MAC,Cedear Mastercard Inc.,US$,BCBA,argentina,Acciones/CEDEARs,2026-08-29
MAD,Cedear Mastercard Inc.,US$,BCBA,argentina,Acciones/CEDEARs,2026-08-29
MCC1D,On Pecom S.1 V.10/03/29 U$S Cg,US$,BCBA,argentina,ObligacionesNegociables/Todas,2026-08-29
MCC1O,On Pecom S.1 V.10/03/29 U$S Cg,AR$,BCBA,argentina,ObligacionesNegociables/Todas,2026-08-29
MCC2D,On Pecom Cl.2 V.03/06/2027 U$S Cg,US$,BCBA,argentina,ObligacionesNegociables/Todas,2026-08-29
MCC2O,On Pecom Cl.2 V.03/06/2027 U$S Cg,AR$,BCBA,argentina,ObligacionesNegociables/Todas,2026-08-29
MCC3C,On Pecom Servicios Energia Cl.3 11/05/30 Usd,US$,BCBA,argentina,ObligacionesNegociables/Todas,2026-08-29
MCC3D,On Pecom Servicios Energia Cl.3 11/05/30 Usd,US$,BCBA,argentina,ObligacionesNegociables/Todas,2026-08-29
MCC3O,On Pecom Servicios Energia Cl.3 11/05/30 Usd,AR$,BCBA,argentina,ObligacionesNegociables/Todas,2026-08-29
MCD,Cedear Mcdonald's Corporation,AR$,BCBA,argentina,Acciones/CEDEARs,2026-08-29
MCDC,Cedear Mcdonald's Corporation,US$,BCBA,argentina,Acciones/CEDEARs,2026-08-29
MCDD,Cedear Mcdonald's Corporation,US$,BCBA,argentina,Acciones/CEDEARs,2026-08-29
MDLZ,Cedear Mondelez International,AR$,BCBA,argentina,Acciones/CEDEARs,2026-08-29
MDLZC,Cedear Mondelez International,US$,BCBA,argentina,Acciones/CEDEARs,2026-08-29
MDLZD,Cedear Mondelez International,US$,BCBA,argentina,Acciones/CEDEARs,2026-08-29
MDT,Cedear Medtronic Plc,AR$,BCBA,argentina,Acciones/CEDEARs,2026-08-29
MDTD,Cedear Medtronic Inc. Esc.,US$,BCBA,argentina,Acciones/CEDEARs,2026-08-29
MELI,Cedear Mercadolibre Inc.,AR$,BCBA,argentina,Acciones/CEDEARs,2026-08-29
MELIC,Cedear Mercadolibre Inc.,US$,BCBA,argentina,Acciones/CEDEARs,2026-08-29
MELID,Cedear Mercadolibre Inc.,US$,BCBA,argentina,Acciones/CEDEARs,2026-08-29
MERA,MERANOL S.A.C.I.,AR$,BCBA,argentina,Acciones/Panel General,2026-08-29
META,"Cedear Facebook, Inc.",AR$,BCBA,argentina,Acciones/CEDEARs,2026-08-29
METAC,"Cedear Facebook, Inc.",US$,BCBA,argentina,Acciones/CEDEARs,2026-08-29
METAD,"Cedear Facebook, Inc.",US$,BCBA,argentina,Acciones/CEDEARs,2026-08-29
METR,Metrogas,AR$,BCBA,argentina,Acciones/Merval | Acciones/Merval 25 | Acciones/Merval Argentina,2026-08-29
METRD,Metrogas,US$,BCBA,argentina,Acciones/Merval Argentina,2026-08-29
MFG,Cedear Mizuho Financial Group,AR$,BCBA,argentina,Acciones/CEDEARs,2026-08-29
MGC1D,"On Pampa Energia Regs 7,5% 24/01/2027",US$,BCBA,argentina,ObligacionesNegociables/Todas,2026-08-29
MGC1O,"On Pampa Energia Regs 7,5% 24/01/2027",AR$,BCBA,argentina,ObligacionesNegociables/Todas,2026-08-29
MGC3O,PAMPA ENERGIA S.A - Clase 3- Vto. 15/4/2029,AR$,BCBA,argentina,ObligacionesNegociables/Todas,2026-08-29
MGC9C,On Pampa Energia Sa Regs 9.5% V 08/12/26,US$,BCBA,argentina,ObligacionesNegociables/Todas,2026-08-29
MGCED,On Pampa Energia Clase. 13 Vto. 19/12/27 U$S,US$,BCBA,argentina,ObligacionesNegociables/Todas,2026-08-29
MGCEO,On Pampa Energia Clase. 13 Vto. 19/12/27 U$S,AR$,BCBA,argentina,ObligacionesNegociables/Todas,2026-08-29
MGCMD,"On Pampa Energía Regs 7,95% Vto. 10/09/31",US$,BCBA,argentina,ObligacionesNegociables/Todas,2026-08-29
MGCMO,"On Pampa Energía Regs 7,95% Vto. 10/09/31",AR$,BCBA,argentina,ObligacionesNegociables/Todas,2026-08-29
MGCND,On Pampa Ener Clase 22 Vto 04-10-28,US$,BCBA,argentina,ObligacionesNegociables/Todas,2026-08-29
MGCNO,On Pampa Ener Clase 22 Vto 04-10-28,AR$,BCBA,argentina,ObligacionesNegociables/Todas,2026-08-29
MGCOC,On Pampa Energia S.A. Cl. Xxiii V.16/12/34,US$,BCBA,argentina,ObligacionesNegociables/Todas,2026-08-29
MGCOD,On Pampa Energia S.A. Cl. Xxiii V.16/12/34,US$,BCBA,argentina,ObligacionesNegociables/Todas,2026-08-29
MGCOO,On Pampa Energia S.A. Cl. Xxiii V.16/12/34,AR$,BCBA,argentina,ObligacionesNegociables/Todas,2026-08-29
MGCQC,On Pampa Energia Cl.25 V06/08/28 U$S Cg,US$,BCBA,argentina,ObligacionesNegociables/Todas,2026-08-29
MGCQD,On Pampa Energia Cl.25 V06/08/28 U$S Cg,US$,BCBA,argentina,ObligacionesNegociables/Todas,2026-08-29
MGCQO,On Pampa Energia Cl.25 V06/08/28 U$S Cg,AR$,BCBA,argentina,ObligacionesNegociables/Todas,2026-08-29
MGCRC,On Pampa Energia S.A. Cl. Xxvi V. 14/11/37,US$,BCBA,argentina,ObligacionesNegociables/Todas,2026-08-29
MGCRD,On Pampa Energia S.A. Cl. Xxvi V. 14/11/37,US$,BCBA,argentina,ObligacionesNegociables/Todas,2026-08-29
MGCRO,On Pampa Energia S.A. Cl. Xxvi V. 14/11/37,AR$,BCBA,argentina,ObligacionesNegociables/Todas,2026-08-29
MGCTC,On Pampa Energia Cl.27 01/04/29 Usd,US$,BCBA,argentina,ObligacionesNegociables/Todas,2026-08-29
MGCTD,On Pampa Energia Cl.27 01/04/29 Usd,US$,BCBA,argentina,ObligacionesNegociables/Todas,2026-08-29
MGCTO,On Pampa Energia Cl.27 01/04/29 Usd,AR$,BCBA,argentina,ObligacionesNegociables/Todas,2026-08-29
MGCUD,ON PAMPA ENERGIA CL.28 21/08/30 USD,US$,BCBA,argentina,ObligacionesNegociables/Todas,2026-08-29
MGCUO,ON PAMPA ENERGIA CL.28 21/08/30 USD,AR$,BCBA,argentina,ObligacionesNegociables/Todas,2026-08-29
MGLU3,Cedear Magazine Luiza S.A.,AR$,BCBA,argentina,Acciones/CEDEARs,2026-08-29
MGR1C,On Pampa Energia S.A. 7.75% V. 14/11/37,US$,BCBA,argentina,ObligacionesNegociables/Todas,2026-08-29
MGR1D,On Pampa Energia S.A. 7.75% V. 14/11/37,US$,BCBA,argentina,ObligacionesNegociables/Todas,2026-08-29
MGR1O,On Pampa Energia S.A. 7.75% V. 14/11/37,AR$,BCBA,argentina,ObligacionesNegociables/Todas,2026-08-29
MIC3C,On Mirgor Cl.3 11/11/26 Usd,US$,BCBA,argentina,ObligacionesNegociables/Todas,2026-08-29
MIC3D,On Mirgor Cl.3 11/11/26 Usd,US$,BCBA,argentina,ObligacionesNegociables/Todas,2026-08-29
MIC3O,On Mirgor Cl.3 11/11/26 Usd,AR$,BCBA,argentina,ObligacionesNegociables/Todas,2026-08-29
MIC4C,On Mirgor Cl.4 29/07/27 Usd,US$,BCBA,argentina,ObligacionesNegociables/Todas,2026-08-29
MIC4D,On Mirgor Cl.4 29/07/27 Usd,US$,BCBA,argentina,ObligacionesNegociables/Todas,2026-08-29
MIC4O,On Mirgor Cl.4 29/07/27 Usd,AR$,BCBA,argentina,ObligacionesNegociables/Todas,2026-08-29
MIC6C,On Mirgor Cl.6 28/05/28 Usd,US$,BCBA,argentina,ObligacionesNegociables/Todas,2026-08-29
MIC6D,On Mirgor Cl.6 28/05/28 Usd,US$,BCBA,argentina,ObligacionesNegociables/Todas,2026-08-29
MIC6O,On Mirgor Cl.6 28/05/28 Usd,AR$,BCBA,argentina,ObligacionesNegociables/Todas,2026-08-29
MIRG,Mirgor,AR$,BCBA,argentina,Acciones/Panel General | Acciones/Merval 25 | Acciones/Burcap,2026-08-29
MJC1C,On Minas Argentinas Cl.1 19/02/27 Usd,US$,BCBA,argentina,ObligacionesNegociables/Todas,2026-08-29
MJC1D,On Minas Argentinas Cl.1 19/02/27 Usd,US$,BCBA,argentina,ObligacionesNegociables/Todas,2026-08-29
MJC1O,On Minas Argentinas Cl.1 19/02/27 Usd,AR$,BCBA,argentina,ObligacionesNegociables/Todas,2026-08-29
MMM,Cedear 3 M Company,AR$,BCBA,argentina,Acciones/CEDEARs,2026-08-29
MMMC,Cedear 3 M Company,US$,BCBA,argentina,Acciones/CEDEARs,2026-08-29
MMMD,Cedear 3 M Company,US$,BCBA,argentina,Acciones/CEDEARs,2026-08-29
MO,Cedear Altria Group Inc.,AR$,BCBA,argentina,Acciones/CEDEARs,2026-08-29
MOC,Cedear Altria Group Inc.,US$,BCBA,argentina,Acciones/CEDEARs,2026-08-29
MOD,Cedear Altria Group Inc.,US$,BCBA,argentina,Acciones/CEDEARs,2026-08-29
MOLA,Molinos Agro S.A.,AR$,BCBA,argentina,Acciones/Panel General,2026-08-29
MOLI,Molinos Río De La Plata,AR$,BCBA,argentina,Acciones/Panel General,2026-08-29
MORI,Morixe Hermanos,AR$,BCBA,argentina,Acciones/Panel General,2026-08-29
MOS,Cedear The Mosaic Co,AR$,BCBA,argentina,Acciones/CEDEARs,2026-08-29
MOSC,Cedear The Mosaic Co,US$,BCBA,argentina,Acciones/CEDEARs,2026-08-29
MOSD,Cedear The Mosaic Co,US$,BCBA,argentina,Acciones/CEDEARs,2026-08-29
MP,Cedear Mp Materials Corp.,AR$,BCBA,argentina,Acciones/CEDEARs,2026-08-29
MPC,Cedear Mp Materials Corp.,US$,BCBA,argentina,Acciones/CEDEARs,2026-08-29
MPD,Cedear Mp Materials Corp.,US$,BCBA,argentina,Acciones/CEDEARs,2026-08-29
MR35D,On Gmctr Cl.35 V28/8/27 U$S Cg,US$,BCBA,argentina,ObligacionesNegociables/Todas,2026-08-29
MR35O,On Gmctr Cl.35 V28/8/27 U$S Cg,AR$,BCBA,argentina,ObligacionesNegociables/Todas,2026-08-29
MR36D,On Gmctr Cl.36 V.28/8/27 U$S Cg,US$,BCBA,argentina,ObligacionesNegociables/Todas,2026-08-29
MR36O,On Gmctr Cl.36 V.28/8/27 U$S Cg,AR$,BCBA,argentina,ObligacionesNegociables/Todas,2026-08-29
MR37D,On Gmctr Cl.37 V28/8/28 U$S Cg,US$,BCBA,argentina,ObligacionesNegociables/Todas,2026-08-29
MR37O,On Gmctr Cl.37 V28/8/28 U$S Cg,AR$,BCBA,argentina,ObligacionesNegociables/Todas,2026-08-29
MR38O,On Gmctr Cl.38 V30/8/27 Uva Cg,AR$,BCBA,argentina,ObligacionesNegociables/Todas,2026-08-29
MR39D,Generacion Med Cl. 39 Vto. 01/11/31,US$,BCBA,argentina,ObligacionesNegociables/Todas,2026-08-29
MR39O,Generacion Med Regs 11% Vto. 01/11/31,AR$,BCBA,argentina,ObligacionesNegociables/Todas,2026-08-29
MR40O,On Gmctr Cl.40 V.01/11/31 U$S Cg,AR$,BCBA,argentina,ObligacionesNegociables/Todas,2026-08-29
MR41O,On Gmctr Cl.41 V.01/11/31 U$S Cg,AR$,BCBA,argentina,ObligacionesNegociables/Todas,2026-08-29
MR43D,On Generacion Mediterranea/Central Termica Roca Cl.43 30/06/36 Usd,US$,BCBA,argentina,ObligacionesNegociables/Todas,2026-08-29
MR43O,On Generacion Mediterranea/Central Termica Roca Cl.43 30/06/36 Usd,AR$,BCBA,argentina,ObligacionesNegociables/Todas,2026-08-29
MR44D,On Generacion Mediterranea/Central Termica Roca Cl,US$,BCBA,argentina,ObligacionesNegociables/Todas,2026-08-29
MR44O,On Generacion Mediterranea/Central Termica Roca Cl.44 30/06/36 Usd,AR$,BCBA,argentina,ObligacionesNegociables/Todas,2026-08-29
MR45D,On Generacion Mediterranea S A / Cent Termica Roca,US$,BCBA,argentina,ObligacionesNegociables/Todas,2026-08-29
MR45O,On Generacion Mediterranea S A / Cent Termica Roca,AR$,BCBA,argentina,ObligacionesNegociables/Todas,2026-08-29
MR46C,"On Generacion Mediterranea S.A./Term. Roca 7,5% V.",US$,BCBA,argentina,ObligacionesNegociables/Todas,2026-08-29
MR46D,"On Generacion Mediterranea S.A./Term. Roca 7,5% V.",US$,BCBA,argentina,ObligacionesNegociables/Todas,2026-08-29
MR46O,"On Generacion Mediterranea S.A./Term. Roca 7,5% V. 31/12/34 Regs",AR$,BCBA,argentina,ObligacionesNegociables/Todas,2026-08-29
MR47C,On Generacion Mediterranea S A / Cent Termica Roca,US$,BCBA,argentina,ObligacionesNegociables/Todas,2026-08-29
MR47D,On Generacion Mediterranea S A / Cent Termica Roca,US$,BCBA,argentina,ObligacionesNegociables/Todas,2026-08-29
MR47O,"On Generacion Mediterranea S A / Cent Termica Roca S A 10,5 % V. 30/06/36 Regs",AR$,BCBA,argentina,ObligacionesNegociables/Todas,2026-08-29
MR48C,On Generacion Mediterranea/Central Termica Roca Cl,US$,BCBA,argentina,ObligacionesNegociables/Todas,2026-08-29
MR48D,On Generacion Mediterranea/Central Termica Roca Cl,US$,BCBA,argentina,ObligacionesNegociables/Todas,2026-08-29
MR48O,On Generacion Mediterranea/Central Termica Roca Cl.48 31/12/34 Usd,AR$,BCBA,argentina,ObligacionesNegociables/Todas,2026-08-29
MR49C,On Generacion Mediterranea/Central Termica Roca Cl,US$,BCBA,argentina,ObligacionesNegociables/Todas,2026-08-29
MR49D,On Generacion Mediterranea/Central Termica Roca Cl,US$,BCBA,argentina,ObligacionesNegociables/Todas,2026-08-29
MR49O,On Generacion Mediterranea/Central Termica Roca Cl.49 31/12/34 Usd,AR$,BCBA,argentina,ObligacionesNegociables/Todas,2026-08-29
MR50C,On Generacion Mediterranea/Central Termica Roca Cl,US$,BCBA,argentina,ObligacionesNegociables/Todas,2026-08-29
MR50D,On Generacion Mediterranea/Central Termica Roca Cl,US$,BCBA,argentina,ObligacionesNegociables/Todas,2026-08-29
MR50O,On Generacion Mediterranea/Central Termica Roca Cl,AR$,BCBA,argentina,ObligacionesNegociables/Todas,2026-08-29
MRCAD,On Generación Mediterránea C. 10 Vto. 01/12/2027,US$,BCBA,argentina,ObligacionesNegociables/Todas,2026-08-29
MRCAO,On Generación Mediterránea C. 10 Vto. 01/12/2027,AR$,BCBA,argentina,ObligacionesNegociables/Todas,2026-08-29
MRCGO,On C.Term.Gen Roc. C15 V28/08/27 Us$ Cg,AR$,BCBA,argentina,ObligacionesNegociables/Todas,2026-08-29
MRCLD,On Cent.Term/Gen.Med 20 U$S V 02/01/2027 Cg,US$,BCBA,argentina,ObligacionesNegociables/Todas,2026-08-29
MRCLO,On Gemsa Ctr Clase Xx Vto. 02/01/2027,AR$,BCBA,argentina,ObligacionesNegociables/Todas,2026-08-29
MRCVP,On Pyme Meranol 29 V18/9/26,AR$,BCBA,argentina,ObligacionesNegociables/Todas,2026-08-29
MRCWO,On Gemsa Cl 30 Uva Vt 08/03/2027,AR$,BCBA,argentina,ObligacionesNegociables/Todas,2026-08-29
MRCXO,"On Generacion Med Regs 12,5 % 28/05/27",AR$,BCBA,argentina,ObligacionesNegociables/Todas,2026-08-29
MRK,Cedear Merck & Co Inc.,AR$,BCBA,argentina,Acciones/CEDEARs,2026-08-29
MRKC,Cedear Merck & Co Inc.,US$,BCBA,argentina,Acciones/CEDEARs,2026-08-29
MRKD,Cedear Merck & Co Inc.,US$,BCBA,argentina,Acciones/CEDEARs,2026-08-29
MRNA,Cedear Moderna Inc.,AR$,BCBA,argentina,Acciones/CEDEARs,2026-08-29
MRNAC,Cedear Moderna Inc.,US$,BCBA,argentina,Acciones/CEDEARs,2026-08-29
MRNAD,Cedear Moderna Inc.,US$,BCBA,argentina,Acciones/CEDEARs,2026-08-29
MRSH,Cedears Marsh,AR$,BCBA,argentina,Acciones/CEDEARs,2026-08-29
MRVL,Cedear Marvell Technology Inc,AR$,BCBA,argentina,Acciones/CEDEARs,2026-08-29
MRVLD,Cedear Marvell Technology Inc,US$,BCBA,argentina,Acciones/CEDEARs,2026-08-29
MSFT,Cedear Microsoft Corp.,AR$,BCBA,argentina,Acciones/CEDEARs,2026-08-29
MSFTC,Cedear Microsoft Corp.,US$,BCBA,argentina,Acciones/CEDEARs,2026-08-29
MSFTD,Cedear Microsoft Corp.,US$,BCBA,argentina,Acciones/CEDEARs,2026-08-29
MSI,Cedear Motorola Inc. Escrit.,AR$,BCBA,argentina,Acciones/CEDEARs,2026-08-29
MSSFD,On Msu Clase 14 Vto. 23/07/27 U$S,US$,BCBA,argentina,ObligacionesNegociables/Todas,2026-08-29
MSSFO,On Msu Clase 14 Vto. 23/07/27 U$S,AR$,BCBA,argentina,ObligacionesNegociables/Todas,2026-08-29
MSSGD,On Msu S.A S.15 V.16/04/29 U$S C.G.,US$,BCBA,argentina,ObligacionesNegociables/Todas,2026-08-29
MSSGO,On Msu S.A S.15 V.16/04/29 U$S C.G.,AR$,BCBA,argentina,ObligacionesNegociables/Todas,2026-08-29
MSTR,Cedear Microstrategy Inc,AR$,BCBA,argentina,Acciones/CEDEARs,2026-08-29
MSTRC,Cedear Microstrategy Inc,US$,BCBA,argentina,Acciones/CEDEARs,2026-08-29
MSTRD,Cedear Microstrategy Inc,US$,BCBA,argentina,Acciones/CEDEARs,2026-08-29
MTC2C,On Mastellone Hermanos Cl.2 22/06/28 Usd,US$,BCBA,argentina,ObligacionesNegociables/Todas,2026-08-29
MTC2D,On Mastellone Hermanos Cl.2 22/06/28 Usd,US$,BCBA,argentina,ObligacionesNegociables/Todas,2026-08-29
MTC2O,On Mastellone Hermanos Cl.2 22/06/28 Usd,AR$,BCBA,argentina,ObligacionesNegociables/Todas,2026-08-29
MU,Cedear Micron Technology Inc,AR$,BCBA,argentina,Acciones/CEDEARs,2026-08-29
MU32D,On Hijos De Salvador M. C.3 S.2 U$S Esc.,US$,BCBA,argentina,ObligacionesNegociables/Todas,2026-08-29
MU32O,On Hijos De Salvador M. C.3 S.2,AR$,BCBA,argentina,ObligacionesNegociables/Todas,2026-08-29
MUC,Cedear Micron Technology Inc,US$,BCBA,argentina,Acciones/CEDEARs,2026-08-29
MUC4D,ON HIJOS DE SALVADOR MUNOZ CL. 4,US$,BCBA,argentina,ObligacionesNegociables/Todas,2026-08-29
MUD,Cedear Micron Technology Inc,US$,BCBA,argentina,Acciones/CEDEARs,2026-08-29
MUFG,Cedear Mitsubishi Ufj Financia,AR$,BCBA,argentina,Acciones/CEDEARs,2026-08-29
MUFGD,Cedear Mitsubishi Ufj Financia,US$,BCBA,argentina,Acciones/CEDEARs,2026-08-29
MUX,Cedear Mcewen Mining Inc,AR$,BCBA,argentina,Acciones/CEDEARs,2026-08-29
MUXC,Cedear Mcewen Mining Inc,US$,BCBA,argentina,Acciones/CEDEARs,2026-08-29
MUXD,Cedear Mcewen Mining Inc,US$,BCBA,argentina,Acciones/CEDEARs,2026-08-29
NAT3D,Cedear Natura Cosmeticos Sa,US$,BCBA,argentina,Acciones/CEDEARs,2026-08-29
NATU3,Cedear Natura Cosmeticos Sa,AR$,BCBA,argentina,Acciones/CEDEARs,2026-08-29
NBIS,CEDEAR NEBIUS GROUP N.V,AR$,BCBA,argentina,Acciones/CEDEARs,2026-08-29
NBISC,Cedear Nebius Group N.V,US$,BCBA,argentina,Acciones/CEDEARs,2026-08-29
NBISD,Cedear Nebius Group N.V,US$,BCBA,argentina,Acciones/CEDEARs,2026-08-29
NDG34,B. Pcia. De Neuquen 25/08/34,AR$,BCBA,argentina,Bonos/Todos,2026-08-29
NDG4C,B. Pcia. De Neuquen 25/08/34,US$,BCBA,argentina,ObligacionesNegociables/Todas,2026-08-29
NDG4D,B. Pcia. De Neuquen 25/08/34,US$,BCBA,argentina,ObligacionesNegociables/Todas,2026-08-29
NDT25,BONO PROV. NEUQUEN REGS VT 27/04/2030,AR$,BCBA,argentina,Bonos/Todos,2026-08-29
NDT5C,"BONO PROV. NEUQUEN REGS 7,5% 27/04/2030",US$,BCBA,argentina,Bonos/Todos,2026-08-29
NDT5D,BONO PROV. NEUQUEN REGS VT 27/04/2030,US$,BCBA,argentina,Bonos/Todos,2026-08-29
NEE,CEDEAR NEXTERA ENERGY INC.,AR$,BCBA,argentina,Acciones/CEDEARs,2026-08-29
NEEC,Cedear Nextera Energy Inc.,US$,BCBA,argentina,Acciones/CEDEARs,2026-08-29
NEED,Cedear Nextera Energy Inc.,US$,BCBA,argentina,Acciones/CEDEARs,2026-08-29
NEM,Cedear Neyymont Mining Corp.,AR$,BCBA,argentina,Acciones/CEDEARs,2026-08-29
NEMD,Cedear Neyymont Mining Corp.,US$,BCBA,argentina,Acciones/CEDEARs,2026-08-29
NFLX,"Cedear Netflix, Inc.",AR$,BCBA,argentina,Acciones/CEDEARs,2026-08-29
NFLXC,"Cedear Netflix, Inc.",US$,BCBA,argentina,Acciones/CEDEARs,2026-08-29
NFLXD,"Cedear Netflix, Inc.",US$,BCBA,argentina,Acciones/CEDEARs,2026-08-29
NG,Cedear Novagold Resources Inc.,AR$,BCBA,argentina,Acciones/CEDEARs,2026-08-29
NGC,Cedear Novagold Resources Inc.,US$,BCBA,argentina,Acciones/CEDEARs,2026-08-29
NGD,Cedear Novagold Resources Inc.,US$,BCBA,argentina,Acciones/CEDEARs,2026-08-29
NGG,Cedears De National Grid Plc,AR$,BCBA,argentina,Acciones/CEDEARs,2026-08-29
NIO,Cedear Nio Inc.,AR$,BCBA,argentina,Acciones/CEDEARs,2026-08-29
NIOC,Cedear Nio Inc.,US$,BCBA,argentina,Acciones/CEDEARs,2026-08-29
NIOD,Cedear Nio Inc.,US$,BCBA,argentina,Acciones/CEDEARs,2026-08-29
NKE,Cedear Nike Inc.,AR$,BCBA,argentina,Acciones/CEDEARs,2026-08-29
NKEC,Cedear Nike Inc.,US$,BCBA,argentina,Acciones/CEDEARs,2026-08-29
NKED,Cedear Nike Inc.,US$,BCBA,argentina,Acciones/CEDEARs,2026-08-29
NLCJO,On Angel Estrada Y Compañia Cl.18 29/05/27 $,AR$,BCBA,argentina,ObligacionesNegociables/Todas,2026-08-29
NMR,Cedear Nomura Holdings Inc,AR$,BCBA,argentina,Acciones/CEDEARs,2026-08-29
NOKA,Cedear Nokia Corporation,AR$,BCBA,argentina,Acciones/CEDEARs,2026-08-29
NOW,Cedear Servicenow Inc,AR$,BCBA,argentina,Acciones/CEDEARs,2026-08-29
NOWC,Cedear Servicenow Inc,US$,BCBA,argentina,Acciones/CEDEARs,2026-08-29
NOWD,Cedear Servicenow Inc,US$,BCBA,argentina,Acciones/CEDEARs,2026-08-29
NPCCC,On Central Puerto Cl.C V.25/08/29 U$S Cg,US$,BCBA,argentina,ObligacionesNegociables/Todas,2026-08-29
NPCCD,On Central Puerto Cl.C V.25/08/29 U$S Cg,US$,BCBA,argentina,ObligacionesNegociables/Todas,2026-08-29
NPCCO,On Central Puerto Cl.C V.25/08/29 U$S Cg,AR$,BCBA,argentina,ObligacionesNegociables/Todas,2026-08-29
NPCDC,On Central Puerto Cl.D 30/04/30 Usd,US$,BCBA,argentina,ObligacionesNegociables/Todas,2026-08-29
NPCDD,On Central Puerto Cl.D 30/04/30 Usd,US$,BCBA,argentina,ObligacionesNegociables/Todas,2026-08-29
NPCDO,On Central Puerto Cl.D 30/04/30 Usd,AR$,BCBA,argentina,ObligacionesNegociables/Todas,2026-08-29
NPCEC,On Central Puerto Cl.E 27/07/29 Usd,US$,BCBA,argentina,ObligacionesNegociables/Todas,2026-08-29
NPCED,On Central Puerto Cl.E 27/07/29 Usd,US$,BCBA,argentina,ObligacionesNegociables/Todas,2026-08-29
NPCEO,On Central Puerto Cl.E 27/07/29 Usd,AR$,BCBA,argentina,ObligacionesNegociables/Todas,2026-08-29
NTES,"Cedear Netease, Inc.",AR$,BCBA,argentina,Acciones/CEDEARs,2026-08-29
NTESD,"Cedear Netease, Inc.",US$,BCBA,argentina,Acciones/CEDEARs,2026-08-29
NU,Cedear Nu Holdings Ltd/Cayman,AR$,BCBA,argentina,Acciones/CEDEARs,2026-08-29
NUC,Cedear Nu Holdings Ltd/Cayman,US$,BCBA,argentina,Acciones/CEDEARs,2026-08-29
NUD,Cedear Nu Holdings Ltd/Cayman,US$,BCBA,argentina,Acciones/CEDEARs,2026-08-29
NUE,Cedear Nucor Corporation,AR$,BCBA,argentina,Acciones/CEDEARs,2026-08-29
NVDA,Cedear Nvidia Corporation,AR$,BCBA,argentina,Acciones/CEDEARs,2026-08-29
NVDAC,Cedear Nvidia Corporation,US$,BCBA,argentina,Acciones/CEDEARs,2026-08-29
NVDAD,Cedear Nvidia Corporation,US$,BCBA,argentina,Acciones/CEDEARs,2026-08-29
NVO,CEDEAR NOVO NORDISK,AR$,BCBA,argentina,Acciones/CEDEARs,2026-08-29
NVOC,Cedear Novo Nordisk,US$,BCBA,argentina,Acciones/CEDEARs,2026-08-29
NVOD,Cedear Novo Nordisk,US$,BCBA,argentina,Acciones/CEDEARs,2026-08-29
NVS,Cedear Novartis Ag-Adr,AR$,BCBA,argentina,Acciones/CEDEARs,2026-08-29
NVSC,Cedear Novartis Ag-Adr,US$,BCBA,argentina,Acciones/CEDEARs,2026-08-29
NVSD,Cedear Novartis Ag-Adr,US$,BCBA,argentina,Acciones/CEDEARs,2026-08-29
NXE,Cedear Nexgen Energy,AR$,BCBA,argentina,Acciones/CEDEARs,2026-08-29
NXED,Cedear Nexgen Energy,US$,BCBA,argentina,Acciones/CEDEARs,2026-08-29
NZC1C,Td Banco De La Nacion Argentina Cl.1 11/05/27 $,US$,BCBA,argentina,ObligacionesNegociables/Todas,2026-08-29
NZC1D,Td Banco De La Nacion Argentina Cl.1 11/05/27 $,US$,BCBA,argentina,ObligacionesNegociables/Todas,2026-08-29
NZC1O,Td Banco De La Nacion Argentina Cl.1 11/05/27 $,AR$,BCBA,argentina,ObligacionesNegociables/Todas,2026-08-29
NZC2C,Td Banco De La Nacion Argentina Cl.2 11/05/29 Usd,US$,BCBA,argentina,ObligacionesNegociables/Todas,2026-08-29
NZC2D,Td Banco De La Nacion Argentina Cl.2 11/05/29 Usd,US$,BCBA,argentina,ObligacionesNegociables/Todas,2026-08-29
NZC2O,Td Banco De La Nacion Argentina Cl.2 11/05/29 Usd,AR$,BCBA,argentina,ObligacionesNegociables/Todas,2026-08-29
NZC3C,Td Banco De La Nacion Argentina Cl.3 11/05/28 Uva,US$,BCBA,argentina,ObligacionesNegociables/Todas,2026-08-29
NZC3D,Td Banco De La Nacion Argentina Cl.3 11/05/28 Uva,US$,BCBA,argentina,ObligacionesNegociables/Todas,2026-08-29
NZC3O,Td Banco De La Nacion Argentina Cl.3 11/05/28 Uva,AR$,BCBA,argentina,ObligacionesNegociables/Todas,2026-08-29
NZC4O,Td Banco De La Nacion Argentina Cl.4 14/07/27 $,AR$,BCBA,argentina,ObligacionesNegociables/Todas,2026-08-29
NZC5C,Td Banco De La Nacion Argentina Cl.5 14/07/29 Usd,US$,BCBA,argentina,ObligacionesNegociables/Todas,2026-08-29
NZC5D,Td Banco De La Nacion Argentina Cl.5 14/07/29 Usd,US$,BCBA,argentina,ObligacionesNegociables/Todas,2026-08-29
NZC5O,Td Banco De La Nacion Argentina Cl.5 14/07/29 Usd,AR$,BCBA,argentina,ObligacionesNegociables/Todas,2026-08-29
NZC6O,Td Banco De La Nacion Argentina Cl.6 14/07/28 Uva,AR$,BCBA,argentina,ObligacionesNegociables/Todas,2026-08-29
O,CEDEAR REALTY INCOME CORP.,AR$,BCBA,argentina,Acciones/CEDEARs,2026-08-29
OC,Cedear Realty Income Corp.,AR$,BCBA,argentina,Acciones/CEDEARs,2026-08-29
OD,Cedear Realty Income Corp.,US$,BCBA,argentina,Acciones/CEDEARs,2026-08-29
OEST,Grupo Concesionario del Oeste,AR$,BCBA,argentina,Acciones/Panel General | Acciones/Burcap,2026-08-29
OKLO,CEDEAR OKLO INC.,AR$,BCBA,argentina,Acciones/CEDEARs,2026-08-29
OKLOC,Cedear Oklo Inc.,US$,BCBA,argentina,Acciones/CEDEARs,2026-08-29
OKLOD,Cedear Oklo Inc.,US$,BCBA,argentina,Acciones/CEDEARs,2026-08-29
OLC3O,On Oldelval Cl. 3 Vto.10/07/27,AR$,BCBA,argentina,ObligacionesNegociables/Todas,2026-08-29
OLC5D,On Ol Del Val Cl.5 Vto.12/06/28 U$S Cg,US$,BCBA,argentina,ObligacionesNegociables/Todas,2026-08-29
OLC5O,On Ol Del Val Cl.5 Vto.12/06/28 U$S Cg,AR$,BCBA,argentina,ObligacionesNegociables/Todas,2026-08-29
OLC6C,On Oleoductos Del Valle Cl.6 05/06/29 Usd,US$,BCBA,argentina,ObligacionesNegociables/Todas,2026-08-29
OLC6D,On Oleoductos Del Valle Cl.6 05/06/29 Usd,US$,BCBA,argentina,ObligacionesNegociables/Todas,2026-08-29
OLC6O,On Oleoductos Del Valle Cl.6 05/06/29 Usd,AR$,BCBA,argentina,ObligacionesNegociables/Todas,2026-08-29
OLC7C,On Oleoductos Del Valle Cl.7 23/02/30 Usd,US$,BCBA,argentina,ObligacionesNegociables/Todas,2026-08-29
OLC7D,On Oleoductos Del Valle Cl.7 23/02/30 Usd,US$,BCBA,argentina,ObligacionesNegociables/Todas,2026-08-29
OLC7O,On Oleoductos Del Valle Cl.7 23/02/30 Usd,AR$,BCBA,argentina,ObligacionesNegociables/Todas,2026-08-29
ONDS,CEDEAR ONDAS HOLDINGS INC.,AR$,BCBA,argentina,Acciones/CEDEARs,2026-08-29
ONDSC,Cedear Ondas Holdings Inc.,US$,BCBA,argentina,Acciones/CEDEARs,2026-08-29
ONDSD,Cedear Ondas Holdings Inc.,US$,BCBA,argentina,Acciones/CEDEARs,2026-08-29
ORCL,Cedear Oracle Corporation,AR$,BCBA,argentina,Acciones/CEDEARs,2026-08-29
ORCLC,Cedear Oracle Corporation,US$,BCBA,argentina,Acciones/CEDEARs,2026-08-29
ORCLD,Cedear Oracle Corporation,US$,BCBA,argentina,Acciones/CEDEARs,2026-08-29
ORLY,Cedear O'reilly Automotive Inc,AR$,BCBA,argentina,Acciones/CEDEARs,2026-08-29
ORLYD,Cedear O'reilly Automotive Inc,US$,BCBA,argentina,Acciones/CEDEARs,2026-08-29
OT41D,On Oiltanking Ebytem Clase 1 Vto 17/01/2028,US$,BCBA,argentina,ObligacionesNegociables/Todas,2026-08-29
OT41O,On Oiltanking Eb S4 C.1 V17/01/28 U$S Cg,AR$,BCBA,argentina,ObligacionesNegociables/Todas,2026-08-29
OT42D,On Oiltanking Ebytem Clase 2 Vto 17/01/2030,US$,BCBA,argentina,ObligacionesNegociables/Todas,2026-08-29
OT42O,On Oiltanking Eb S4 C.2 V17/01/30,AR$,BCBA,argentina,ObligacionesNegociables/Todas,2026-08-29
OTS2D,On Oiltanking Ebytem S2 V24/04/27 U$S Cg,US$,BCBA,argentina,ObligacionesNegociables/Todas,2026-08-29
OTS2O,On Oiltanking Ebytem S2 V24/04/27 U$S Cg,AR$,BCBA,argentina,ObligacionesNegociables/Todas,2026-08-29
OTS3D,On Oiltanking Ebytem S3 V01/11/28,US$,BCBA,argentina,ObligacionesNegociables/Todas,2026-08-29
OTS3O,On Oiltanking Ebytem S3 V01/11/28,AR$,BCBA,argentina,ObligacionesNegociables/Todas,2026-08-29
OTS5D,On Otamerica Ebytem S.5 23/10/26 Usd,US$,BCBA,argentina,ObligacionesNegociables/Todas,2026-08-29
OTS5O,On Otamerica Ebytem S.5 23/10/26 Usd,AR$,BCBA,argentina,ObligacionesNegociables/Todas,2026-08-29
OTS6C,On Otamerica Ebytem S.6 29/07/29 Usd,US$,BCBA,argentina,ObligacionesNegociables/Todas,2026-08-29
OTS6D,On Otamerica Ebytem S.6 29/07/29 Usd,US$,BCBA,argentina,ObligacionesNegociables/Todas,2026-08-29
OTS6O,On Otamerica Ebytem S.6 29/07/29 Usd,AR$,BCBA,argentina,ObligacionesNegociables/Todas,2026-08-29
OXY,Cedear Occidental Petroleum Corporation,AR$,BCBA,argentina,Acciones/CEDEARs,2026-08-29
OXYC,Cedear Occidental Petroleum Corp,US$,BCBA,argentina,Acciones/CEDEARs,2026-08-29
OXYD,Cedear Occidental Petroleum Corp,US$,BCBA,argentina,Acciones/CEDEARs,2026-08-29
OZC3D,On Edemsa Clase 3 Vto 29/11/2027,US$,BCBA,argentina,ObligacionesNegociables/Todas,2026-08-29
OZC3O,On Edemsa Clase 3 Vto 29/11/2027,AR$,BCBA,argentina,ObligacionesNegociables/Todas,2026-08-29
OZC6C,Emp. Dist. De Elect. De Mendoza S A 28/07/2031,US$,BCBA,argentina,ObligacionesNegociables/Todas,2026-08-29
OZC6D,Emp. Dist. De Elect. De Mendoza S A 28/07/2031,US$,BCBA,argentina,ObligacionesNegociables/Todas,2026-08-29
OZC6O,Emp. Dist. De Elect. De Mendoza S A 28/07/2031,AR$,BCBA,argentina,ObligacionesNegociables/Todas,2026-08-29
OZC8C,On Empresa Distribuidora De Electricidad De Mendoz,US$,BCBA,argentina,ObligacionesNegociables/Todas,2026-08-29
OZC8D,On Empresa Distribuidora De Electricidad De Mendoz,US$,BCBA,argentina,ObligacionesNegociables/Todas,2026-08-29
OZC8O,On Empresa Distribuidora De Electricidad De Mendoza S A / Empresa Distrib/Sr Nt 20330611 Sr S,AR$,BCBA,argentina,ObligacionesNegociables/Todas,2026-08-29
PAAS,Cedear Pan American Silver Cor,AR$,BCBA,argentina,Acciones/CEDEARs,2026-08-29
PAASC,Cedear Pan American Silver Corp,US$,BCBA,argentina,Acciones/CEDEARs,2026-08-29
PAASD,Cedear Pan American Silver Corp,US$,BCBA,argentina,Acciones/CEDEARs,2026-08-29
PAC,Cedear Grupo Aeroportuario Del,AR$,BCBA,argentina,Acciones/CEDEARs,2026-08-29
PAGS,Cedear Pagseguro Digital Ltd,AR$,BCBA,argentina,Acciones/CEDEARs,2026-08-29
PAGSD,Cedear Pagseguro Digital Ltd,US$,BCBA,argentina,Acciones/CEDEARs,2026-08-29
PAMP,Pampa Energía,AR$,BCBA,argentina,Acciones/Merval | Acciones/Merval 25 | Acciones/Merval Argentina | Acciones/Burcap,2026-08-29
PAMPD,Pampa Energía,US$,BCBA,argentina,Acciones/Merval Argentina,2026-08-29
PANW,Cedear Palo Alto Networks Inc.,AR$,BCBA,argentina,Acciones/CEDEARs,2026-08-29
PANWC,Cedear Palo Alto Networks Inc.,US$,BCBA,argentina,Acciones/CEDEARs,2026-08-29
PANWD,Cedear Palo Alto Networks Inc.,US$,BCBA,argentina,Acciones/CEDEARs,2026-08-29
PAP0,Bonos Par AR$ + CER 2038 (Ley Arg),AR$,BCBA,argentina,Bonos/Soberanos en pesos más Cer | Bonos/Todos,2026-08-29
PARP,Bono Par $ (Ley Arg),AR$,BCBA,argentina,Bonos/Soberanos en pesos más Cer | Bonos/Todos,2026-08-29
PATA,Imp. y Exportadora de la Patagonia,AR$,BCBA,argentina,Acciones/Panel General,2026-08-29
PATH,Cedear Uipath Inc,AR$,BCBA,argentina,Acciones/CEDEARs,2026-08-29
PATHD,Cedear Uipath Inc,US$,BCBA,argentina,Acciones/CEDEARs,2026-08-29
PAY0,B.REP.ARG PAR CJ.PRE05-DIS-QUASI USD2038,AR$,BCBA,argentina,Bonos/Soberanos en dólares | Bonos/Todos,2026-08-29
PAY0D,B.REP.ARG PAR CJ.PRE05-DIS-QUASI USD2038,US$,BCBA,argentina,Bonos/Soberanos en dólares | Bonos/Todos,2026-08-29
PBA27,TD PROV. BUENOS AIRES TASA VARIABLE 30/04/27 $,AR$,BCBA,argentina,Bonos/Todos,2026-08-29
PBA28,TD PROV. BUENOS AIRES AJUSTABLE CER 28/04/28 $,AR$,BCBA,argentina,Bonos/Todos,2026-08-29
PBI,Cedear Pitney Bowes Inc.,AR$,BCBA,argentina,Acciones/CEDEARs,2026-08-29
PBM27,TD PROV. BUENOS AIRES TASA VARIABLE 18/03/27 $,AR$,BCBA,argentina,Bonos/Todos,2026-08-29
PBR,Cedear Petroleo Brasileiro S.A,AR$,BCBA,argentina,Acciones/CEDEARs,2026-08-29
PBRC,Cedear Petroleo Brasileiro S.A,US$,BCBA,argentina,Acciones/CEDEARs,2026-08-29
PBRD,Cedear Petroleo Brasileiro S.A,US$,BCBA,argentina,Acciones/CEDEARs,2026-08-29
PCAR,Cedear Paccar Inc.,AR$,BCBA,argentina,Acciones/CEDEARs,2026-08-29
PCARC,Cedear Paccar Inc.,US$,BCBA,argentina,Acciones/CEDEARs,2026-08-29
PCARD,Cedear Paccar Inc.,US$,BCBA,argentina,Acciones/CEDEARs,2026-08-29
PCOMAGB,Premier Commodities,peso_Argentino,bcba,argentina,FCI/Todos,2026-08-29
PDD,Cedear Pdd Holdings Inc,AR$,BCBA,argentina,Acciones/CEDEARs,2026-08-29
PDDD,Cedear Pdd Holdings Inc,US$,BCBA,argentina,Acciones/CEDEARs,2026-08-29
PEC6O,On Petro. Tango Energy .Cl.6 U$S V.14/09/26 Cg,AR$,BCBA,argentina,ObligacionesNegociables/Todas,2026-08-29
PEC8O,On Paesa Cl 8 Dolar Linked Vt 01/03/2027,AR$,BCBA,argentina,ObligacionesNegociables/Todas,2026-08-29
PECAD,On Petro.Tango Energy Cl.10 V.28/02/27 U$S Cg,US$,BCBA,argentina,ObligacionesNegociables/Todas,2026-08-29
PECBO,On Petro.Tango Energy .Cl.11 V.29/02/28 U$S Cg,AR$,BCBA,argentina,ObligacionesNegociables/Todas,2026-08-29
PECGO,On Petro. Tango Energy Cl.15 Vto 28/10/2028,AR$,BCBA,argentina,ObligacionesNegociables/Todas,2026-08-29
PECKO,On Petro. Aconcagua 19 V25/08/30 U$S Cg,AR$,BCBA,argentina,ObligacionesNegociables/Todas,2026-08-29
PECMC,On Petro. Aconcagua 21 V25/08/32 U$S Cg,US$,BCBA,argentina,ObligacionesNegociables/Todas,2026-08-29
PECMD,On Petro. Aconcagua 21 V25/08/32 U$S Cg,US$,BCBA,argentina,ObligacionesNegociables/Todas,2026-08-29
PECMO,On Petro. Aconcagua 21 V25/08/32 U$S Cg,AR$,BCBA,argentina,ObligacionesNegociables/Todas,2026-08-29
PECNC,On Petro. Aconcagua 22 V25/08/32 U$S Cg,US$,BCBA,argentina,ObligacionesNegociables/Todas,2026-08-29
PECND,On Petro. Aconcagua 22 V25/08/32 U$S Cg,US$,BCBA,argentina,ObligacionesNegociables/Todas,2026-08-29
PECNO,On Petro. Tango Energy 22 V25/08/32 U$S Cg,AR$,BCBA,argentina,ObligacionesNegociables/Todas,2026-08-29
PEP,Cedear Pepsico Inc.,AR$,BCBA,argentina,Acciones/CEDEARs,2026-08-29
PEPC,Cedear Pepsico Inc.,US$,BCBA,argentina,Acciones/CEDEARs,2026-08-29
PEPD,Cedear Pepsico Inc.,US$,BCBA,argentina,Acciones/CEDEARs,2026-08-29
PETR3,Cedear Petroleo Brasileiro S.A,AR$,BCBA,argentina,Acciones/CEDEARs,2026-08-29
PETRC,Cedear Petroleo Brasileiro S.A,US$,BCBA,argentina,Acciones/CEDEARs,2026-08-29
PETRD,Cedear Petroleo Brasileiro S.A,US$,BCBA,argentina,Acciones/CEDEARs,2026-08-29
PFC2D,On Profertil Cl.2 V.14/07/27 U$S Cg,US$,BCBA,argentina,ObligacionesNegociables/Todas,2026-08-29
PFC2O,On Profertil Cl.2 V.14/07/27 U$S Cg,AR$,BCBA,argentina,ObligacionesNegociables/Todas,2026-08-29
PFC3D,On Profertil Cl.3 08/11/2029 Usd,US$,BCBA,argentina,ObligacionesNegociables/Todas,2026-08-29
PFC3O,On Profertil Cl.3 08/11/2029 Usd,AR$,BCBA,argentina,ObligacionesNegociables/Todas,2026-08-29
PFC4D,ON PROFERTIL CL.4 28/02/30 USD,US$,BCBA,argentina,ObligacionesNegociables/Todas,2026-08-29
PFE,Cedear Pfizer Inc.,AR$,BCBA,argentina,Acciones/CEDEARs,2026-08-29
PFEC,Cedear Pfizer Inc.,US$,BCBA,argentina,Acciones/CEDEARs,2026-08-29
PFED,Cedear Pfizer Inc.,US$,BCBA,argentina,Acciones/CEDEARs,2026-08-29
PG,Cedear Procter & Gamble,AR$,BCBA,argentina,Acciones/CEDEARs,2026-08-29
PGC,Cedear Procter & Gamble,US$,BCBA,argentina,Acciones/CEDEARs,2026-08-29
PGD,Cedear Procter & Gamble,US$,BCBA,argentina,Acciones/CEDEARs,2026-08-29
PHG,Cedear Royal Philips Electronics,AR$,BCBA,argentina,Acciones/CEDEARs,2026-08-29
PINS,Cedear Pinterest Inc.,AR$,BCBA,argentina,Acciones/CEDEARs,2026-08-29
PINSD,Cedear Pinterest Inc.,US$,BCBA,argentina,Acciones/CEDEARs,2026-08-29
PKS,Cedear Posco,AR$,BCBA,argentina,Acciones/CEDEARs,2026-08-29
PLC1D,On Pluspetrol Cl.1 V.27/01/28,US$,BCBA,argentina,ObligacionesNegociables/Todas,2026-08-29
PLC1O,On Pluspetrol Cl.1 V.27/01/28,AR$,BCBA,argentina,ObligacionesNegociables/Todas,2026-08-29
PLC2D,On Pluspetrol Cl.2 V.27/01/30,US$,BCBA,argentina,ObligacionesNegociables/Todas,2026-08-29
PLC2O,On Pluspetrol Cl.2 V.27/01/30,AR$,BCBA,argentina,ObligacionesNegociables/Todas,2026-08-29
PLC3D,On Pluspetrol Cl.3 V.30/04/28 U$S Cg,US$,BCBA,argentina,ObligacionesNegociables/Todas,2026-08-29
PLC3O,On Pluspetrol Cl.3 V.30/04/28 U$S Cg,AR$,BCBA,argentina,ObligacionesNegociables/Todas,2026-08-29
PLC4C,On Pluspetrol Sa Clase Iv V. 30/05/32,US$,BCBA,argentina,ObligacionesNegociables/Todas,2026-08-29
PLC4D,On Pluspetrol Sa Clase Iv V. 30/05/32,US$,BCBA,argentina,ObligacionesNegociables/Todas,2026-08-29
PLC4O,On Pluspetrol Sa Clase Iv V. 30/05/32,AR$,BCBA,argentina,ObligacionesNegociables/Todas,2026-08-29
PLC5C,On Pluspetrol S. A. Clase V 18/05/31,US$,BCBA,argentina,ObligacionesNegociables/Todas,2026-08-29
PLC5D,On Pluspetrol S. A. Clase V 18/05/31,US$,BCBA,argentina,ObligacionesNegociables/Todas,2026-08-29
PLC5O,On Pluspetrol S. A. Clase V 18/05/31,AR$,BCBA,argentina,ObligacionesNegociables/Todas,2026-08-29
PLC6C,On Pluspetrol Cl.6 27/02/29,US$,BCBA,argentina,ObligacionesNegociables/Todas,2026-08-29
PLC6D,On Pluspetrol Cl.6 27/02/29,US$,BCBA,argentina,ObligacionesNegociables/Todas,2026-08-29
PLC6O,On Pluspetrol Cl.6 27/02/29,AR$,BCBA,argentina,ObligacionesNegociables/Todas,2026-08-29
PLC7C,On Pluspetrol S A 7.55% Vto.30/09/37 / Pluspetrol,US$,BCBA,argentina,ObligacionesNegociables/Todas,2026-08-29
PLC7D,On Pluspetrol S A 7.55% Vto.30/09/37 / Pluspetrol,US$,BCBA,argentina,ObligacionesNegociables/Todas,2026-08-29
PLC7O,On Pluspetrol S A 7.55% Vto.30/09/37 / Pluspetrol S A/7.55 Sr Nt 20370930,AR$,BCBA,argentina,ObligacionesNegociables/Todas,2026-08-29
PLTR,Cedear Palantir Technologies Inc,AR$,BCBA,argentina,Acciones/CEDEARs,2026-08-29
PLTRC,Cedear Palantir Technologies Inc,US$,BCBA,argentina,Acciones/CEDEARs,2026-08-29
PLTRD,Cedear Palantir Technologies Inc,US$,BCBA,argentina,Acciones/CEDEARs,2026-08-29
PM,Cedear Philip Morris International,AR$,BCBA,argentina,Acciones/CEDEARs,2026-08-29
PM29C,BONO PCIA.MENDOZA REGS 2.75% V.19/11/29,US$,BCBA,argentina,Bonos/Todos,2026-08-29
PM29D,BONO PCIA.MENDOZA REGS 2.75% Vto 19/11/29,US$,BCBA,argentina,Bonos/Todos,2026-08-29
PMA28,TD PROV. MENDOZA CL.1 CER 10/04/28 $,AR$,BCBA,argentina,Bonos/Todos,2026-08-29
PMC,Cedear Philip Morris Internati,US$,BCBA,argentina,Acciones/CEDEARs,2026-08-29
PMD,Cedear Philip Morris Internati,US$,BCBA,argentina,Acciones/CEDEARs,2026-08-29
PMD26,TD PCIA MDZA TAMAR CL.2 V.20/12/26 $ CG,AR$,BCBA,argentina,Bonos/Todos,2026-08-29
PMM29,BONO PCIA.MENDOZA REGS 2.75% Vto 19/11/29,AR$,BCBA,argentina,Bonos/Todos,2026-08-29
PN34D,On Pan American Ener 34 V27/09/27 U$S Cg,US$,BCBA,argentina,ObligacionesNegociables/Todas,2026-08-29
PN34O,On Pan American Ener 34 V27/09/27 U$S Cg,AR$,BCBA,argentina,ObligacionesNegociables/Todas,2026-08-29
PN35D,On Pan American Ener 35 V27/09/29 U$S Cg,US$,BCBA,argentina,ObligacionesNegociables/Todas,2026-08-29
PN35O,On Pan American Ener 35 V27/09/29 U$S Cg,AR$,BCBA,argentina,ObligacionesNegociables/Todas,2026-08-29
PN36D,On Pan American Ener 36 V13/11/31,US$,BCBA,argentina,ObligacionesNegociables/Todas,2026-08-29
PN36O,On Pan American Energy Cl 36 Vto 13/11/2031,AR$,BCBA,argentina,ObligacionesNegociables/Todas,2026-08-29
PN37D,On Pan American Ener 37 V13/11/28,US$,BCBA,argentina,ObligacionesNegociables/Todas,2026-08-29
PN37O,On Pan American Energy Cl 37 Vto 13/11/2028,AR$,BCBA,argentina,ObligacionesNegociables/Todas,2026-08-29
PN38D,On Pan American Ener 38 V11/08/27 U$S Cg,US$,BCBA,argentina,ObligacionesNegociables/Todas,2026-08-29
PN38O,On Pan American Ener 38 V11/08/27 U$S Cg,AR$,BCBA,argentina,ObligacionesNegociables/Todas,2026-08-29
PN41C,On Pan American Ener 41 V27/08/29 Cg,US$,BCBA,argentina,ObligacionesNegociables/Todas,2026-08-29
PN41D,On Pan American Ener 41 V27/08/29 Cg,US$,BCBA,argentina,ObligacionesNegociables/Todas,2026-08-29
PN41O,On Pan American Ener 41 V27/08/29 Cg,AR$,BCBA,argentina,ObligacionesNegociables/Todas,2026-08-29
PN42C,On Pan American Energy Cl.42 17/04/27 Usd,US$,BCBA,argentina,ObligacionesNegociables/Todas,2026-08-29
PN42D,On Pan American Energy Cl.42 17/04/27 Usd,US$,BCBA,argentina,ObligacionesNegociables/Todas,2026-08-29
PN42O,On Pan American Energy Cl.42 17/04/27 Usd,AR$,BCBA,argentina,ObligacionesNegociables/Todas,2026-08-29
PN43C,"On Pan American Energy S.L 7,75 % V. 15/01/2037 Us",US$,BCBA,argentina,ObligacionesNegociables/Todas,2026-08-29
PN43D,"On Pan American Energy S.L 7,75 % V. 15/01/2037 Us",US$,BCBA,argentina,ObligacionesNegociables/Todas,2026-08-29
PN43O,"On Pan American Energy S.L 7,75 % V. 15/01/2037",AR$,BCBA,argentina,ObligacionesNegociables/Todas,2026-08-29
PNDCC,"On Pae Cl.12 Regs 9,125% V.30/07/2027",US$,BCBA,argentina,ObligacionesNegociables/Todas,2026-08-29
PNDCD,"ON PAE CL.12 REGS 9,125% V.30/04/2027",US$,BCBA,argentina,ObligacionesNegociables/Todas,2026-08-29
PNDCO,"ON PAE CL.12 REGS 9,125% V.30/04/2027",AR$,BCBA,argentina,ObligacionesNegociables/Todas,2026-08-29
PNICC,On Pan American Cl.17 V07/02/32 U$S Cg,US$,BCBA,argentina,ObligacionesNegociables/Todas,2026-08-29
PNICD,On Pan American Cl.17 V07/02/32 U$S Cg,US$,BCBA,argentina,ObligacionesNegociables/Todas,2026-08-29
PNICO,On Pan American Cl.17 V07/02/32 U$S Cg,AR$,BCBA,argentina,ObligacionesNegociables/Todas,2026-08-29
PNRCC,On Pan American 26 V07/08/28 U$S Cg Ef,US$,BCBA,argentina,ObligacionesNegociables/Todas,2026-08-29
PNRCD,On Pan American 26 V07/08/28 U$S Cg Ef,US$,BCBA,argentina,ObligacionesNegociables/Todas,2026-08-29
PNRCO,On Pan American 26 V07/08/28 U$S Cg Ef,AR$,BCBA,argentina,ObligacionesNegociables/Todas,2026-08-29
PNXCC,On Pan American Energy 8.5 % 30/04/32,US$,BCBA,argentina,ObligacionesNegociables/Todas,2026-08-29
PNXCD,On Pan American Energy 8.5 % 30/04/32,US$,BCBA,argentina,ObligacionesNegociables/Todas,2026-08-29
PNXCO,On Pan American Energy 8.5 % 30/04/32,AR$,BCBA,argentina,ObligacionesNegociables/Todas,2026-08-29
PNZCD,On Pan American Ener 33 V04/07/27 U$S Cg Usd,US$,BCBA,argentina,ObligacionesNegociables/Todas,2026-08-29
PNZCO,On Pan American Ener 33 V04/07/27 U$S Cg,US$,BCBA,argentina,ObligacionesNegociables/Todas,2026-08-29
POLL,Polledo,AR$,BCBA,argentina,Acciones/Panel General,2026-08-29
PQCKC,On Pcr Cl.K V.07/12/2026 U$S C.G,US$,BCBA,argentina,ObligacionesNegociables/Todas,2026-08-29
PQCKD,On Pcr Cl.K V.07/12/2026 U$S C.G,US$,BCBA,argentina,ObligacionesNegociables/Todas,2026-08-29
PQCKO,On Pcr Cl.K V.07/12/2026 U$S C.G,AR$,BCBA,argentina,ObligacionesNegociables/Todas,2026-08-29
PQCOO,On Petroquimica Cl. O V22/09/27 $ Cg,AR$,BCBA,argentina,ObligacionesNegociables/Todas,2026-08-29
PQCRD,On Petroquimica Cl.R V22/10/28 U$S Cg,US$,BCBA,argentina,ObligacionesNegociables/Todas,2026-08-29
PQCRO,On Petroquimica Cl.R V22/10/28,AR$,BCBA,argentina,ObligacionesNegociables/Todas,2026-08-29
PQCSD,On Petroquimica Cl.S V17/02/31 U$S,US$,BCBA,argentina,ObligacionesNegociables/Todas,2026-08-29
PQCSO,On Petroquimica Cl.S V17/02/31,AR$,BCBA,argentina,ObligacionesNegociables/Todas,2026-08-29
PQCTC,On Petroquimica Cl.T V21/07/28 U$S Cg Usdc,US$,BCBA,argentina,ObligacionesNegociables/Todas,2026-08-29
PQCTD,On Petroquimica Cl.T V21/07/28 U$S Cg Usd,US$,BCBA,argentina,ObligacionesNegociables/Todas,2026-08-29
PQCTO,On Petroquimica Cl.T V21/07/28 U$S Cg,AR$,BCBA,argentina,ObligacionesNegociables/Todas,2026-08-29
PR17,BONO CONSOLIDACION $ SR 10 V02/05/29,AR$,BCBA,argentina,Bonos/Todos,2026-08-29
PRCPPEB,Premier Renta Corto Plazo En Pesos,peso_Argentino,bcba,argentina,FCI/Todos,2026-08-29
PRFAHOB,Premier Renta Fija Ahorro,peso_Argentino,bcba,argentina,FCI/Todos,2026-08-29
PRIO3,Cedear Petro Rio S.A.,AR$,BCBA,argentina,Acciones/CEDEARs,2026-08-29
PRMCAPB,Premier Capital,peso_Argentino,bcba,argentina,FCI/Todos,2026-08-29
PRPLPEB,Premier Renta Plus En Pesos,peso_Argentino,bcba,argentina,FCI/Todos,2026-08-29
PRREMIB,Premier Renta Mixta,peso_Argentino,bcba,argentina,FCI/Todos,2026-08-29
PRTAVAB,Premier Renta Variable,peso_Argentino,bcba,argentina,FCI/Todos,2026-08-29
PS37C,On Psa Finance Argentina Cia. Financiera S.37 26/0,US$,BCBA,argentina,ObligacionesNegociables/Todas,2026-08-29
PS37D,On Psa Finance Argentina Cia. Financiera S.37 26/0,US$,BCBA,argentina,ObligacionesNegociables/Todas,2026-08-29
PS37O,On Psa Finance Argentina Cia. Financiera S.37 26/05/27 $,AR$,BCBA,argentina,ObligacionesNegociables/Todas,2026-08-29
PS38C,On Psa Fin. Arg. C. F. S.38 26/03/27 $,US$,BCBA,argentina,ObligacionesNegociables/Todas,2026-08-29
PS38D,On Psa Fin. Arg. C. F. S.38 26/03/27 $,US$,BCBA,argentina,ObligacionesNegociables/Todas,2026-08-29
PS38O,On Psa Fin. Arg. C. F. S.38 26/03/27 $,AR$,BCBA,argentina,ObligacionesNegociables/Todas,2026-08-29
PSQ,Cedear Etf Proshares Short Qqq,AR$,BCBA,argentina,Acciones/CEDEARs,2026-08-29
PSQD,Cedear Etf Proshares Short Qqq,US$,BCBA,argentina,Acciones/CEDEARs,2026-08-29
PSX,Cedear Phillips 66,AR$,BCBA,argentina,Acciones/CEDEARs,2026-08-29
PSXC,Cedear Phillips 66,US$,BCBA,argentina,Acciones/CEDEARs,2026-08-29
PSXD,Cedear Phillips 66,US$,BCBA,argentina,Acciones/CEDEARs,2026-08-29
PUA36,BONO MUNI PROVINCIA DE CHUBUT 9.45 % VTO. 29/04/36,AR$,BCBA,argentina,Bonos/Todos,2026-08-29
PUA6C,BONO MUNI PROVINCIA DE CHUBUT 9.45 % VTO. 29/04/36,US$,BCBA,argentina,Bonos/Todos,2026-08-29
PUA6D,BONO MUNI PROVINCIA DE CHUBUT 9.45 % VTO. 29/04/36,US$,BCBA,argentina,Bonos/Todos,2026-08-29
PUC2C,On Petroleos Sud. S.2 V28/08/27 U$S Cg,US$,BCBA,argentina,ObligacionesNegociables/Todas,2026-08-29
PUC2D,On Petroleos Sud. S.2 V28/08/27 U$S Cg,US$,BCBA,argentina,ObligacionesNegociables/Todas,2026-08-29
PUC2O,On Petroleos Sud. S.2 V28/08/27 U$S Cg,AR$,BCBA,argentina,ObligacionesNegociables/Todas,2026-08-29
PUL26,"Bono Pcia. Chubut 7,75% V.26/07/2026",AR$,BCBA,argentina,Bonos/Todos,2026-08-29
PVC3C,Td Banco Provincia Buenos Aires Cl.3 25/11/26 Usd,US$,BCBA,argentina,ObligacionesNegociables/Todas,2026-08-29
PVC3D,Td Banco Provincia Buenos Aires Cl.3 25/11/26 Usd,US$,BCBA,argentina,ObligacionesNegociables/Todas,2026-08-29
PVC3O,Td Banco Provincia Buenos Aires Cl.3 25/11/26 Usd,AR$,BCBA,argentina,ObligacionesNegociables/Todas,2026-08-29
PVC4O,Td Banco Provincia Buenos Aires Cl.4 25/11/26 $,AR$,BCBA,argentina,ObligacionesNegociables/Todas,2026-08-29
PVC5O,Td Banco De La Provincia De Buenos Aires Cl.5 08/06/27 Usd,AR$,BCBA,argentina,ObligacionesNegociables/Todas,2026-08-29
PVC6O,Td Banco De La Provincia De Buenos Aires Cl.6 08/06/27 $,AR$,BCBA,argentina,ObligacionesNegociables/Todas,2026-08-29
PYPL,"Cedear Paypal Holdings, Inc",AR$,BCBA,argentina,Acciones/CEDEARs,2026-08-29
PYPLC,"Cedear Paypal Holdings, Inc",US$,BCBA,argentina,Acciones/CEDEARs,2026-08-29
PYPLD,"Cedear Paypal Holdings, Inc",US$,BCBA,argentina,Acciones/CEDEARs,2026-08-29
PZCEC,On Plaza Logistica 13 V07/06/27 Uva Cg,US$,BCBA,argentina,ObligacionesNegociables/Todas,2026-08-29
PZCED,On Plaza Logistica 13 V07/06/27 Uva Cg,US$,BCBA,argentina,ObligacionesNegociables/Todas,2026-08-29
PZCEO,On Plaza Logistica 13 V07/06/27 Uva Cg,AR$,BCBA,argentina,ObligacionesNegociables/Todas,2026-08-29
PZCGD,On Plaza Logistica 15 V04/05/28 U$S Cg,US$,BCBA,argentina,ObligacionesNegociables/Todas,2026-08-29
PZCGO,On Plaza Logistica 15 V04/06/28 U$S Cg,AR$,BCBA,argentina,ObligacionesNegociables/Todas,2026-08-29
QCOM,Cedear Qualcom Incorporated,AR$,BCBA,argentina,Acciones/CEDEARs,2026-08-29
QCOMC,Cedear Qualcom Incorporated,US$,BCBA,argentina,Acciones/CEDEARs,2026-08-29
QCOMD,Cedear Qualcom Incorporated,US$,BCBA,argentina,Acciones/CEDEARs,2026-08-29
QQQ,Cedear Invesco Qqq Trust,AR$,BCBA,argentina,Acciones/CEDEARs,2026-08-29
QQQC,Cedear Invesco Qqq Trust,US$,BCBA,argentina,Acciones/CEDEARs,2026-08-29
QQQD,Cedear Invesco Qqq Trust,US$,BCBA,argentina,Acciones/CEDEARs,2026-08-29
RAC4D,On Raghsa Vto. 04/05/2027 8.5 %,US$,BCBA,argentina,ObligacionesNegociables/Todas,2026-08-29
RAC4O,On Raghsa Vto. 04/05/2027 8.5 %,AR$,BCBA,argentina,ObligacionesNegociables/Todas,2026-08-29
RACE,Cedear Ferrari Nv,AR$,BCBA,argentina,Acciones/CEDEARs,2026-08-29
RACEC,Cedear Ferrari Nv,US$,BCBA,argentina,Acciones/CEDEARs,2026-08-29
RACED,Cedear Ferrari Nv,US$,BCBA,argentina,Acciones/CEDEARs,2026-08-29
RBLX,Cedear Roblox Corp.,AR$,BCBA,argentina,Acciones/CEDEARs,2026-08-29
RBLXC,Cedear Roblox Corp.,US$,BCBA,argentina,Acciones/CEDEARs,2026-08-29
RBLXD,Cedear Roblox Corp.,US$,BCBA,argentina,Acciones/CEDEARs,2026-08-29
RC1CC,On Arcor S.A.I.C Serie I 7.6% Vto. 31/07/33,US$,BCBA,argentina,ObligacionesNegociables/Todas,2026-08-29
RC1CD,On Arcor S.A.I.C Serie I 7.6% Vto. 31/07/33,US$,BCBA,argentina,ObligacionesNegociables/Todas,2026-08-29
RC1CO,On Arcor S.A.I.C Serie I 7.6% Vto. 31/07/33,AR$,BCBA,argentina,ObligacionesNegociables/Todas,2026-08-29
RC2CC,On Arcor Cl.2 06/10/26 Usd,US$,BCBA,argentina,ObligacionesNegociables/Todas,2026-08-29
RC2CD,On Arcor Cl.2 06/10/26 Usd,US$,BCBA,argentina,ObligacionesNegociables/Todas,2026-08-29
RC2CO,On Arcor Cl.2 06/10/26 Usd,AR$,BCBA,argentina,ObligacionesNegociables/Todas,2026-08-29
RC3CD,On Arcor Cl.3 15/12/26 $,US$,BCBA,argentina,ObligacionesNegociables/Todas,2026-08-29
RC3CO,On Arcor Cl.3 15/12/26 $,AR$,BCBA,argentina,ObligacionesNegociables/Todas,2026-08-29
RC4CC,On Arcor S.A.I.C. Cl.4 25/02/27 $,US$,BCBA,argentina,ObligacionesNegociables/Todas,2026-08-29
RC4CD,On Arcor S.A.I.C. Cl.4 25/02/27 $,US$,BCBA,argentina,ObligacionesNegociables/Todas,2026-08-29
RC4CO,On Arcor S.A.I.C. Cl.4 25/02/27 $,AR$,BCBA,argentina,ObligacionesNegociables/Todas,2026-08-29
RC5CC,On Arcor Cl.5 21/05/29 Usd,US$,BCBA,argentina,ObligacionesNegociables/Todas,2026-08-29
RC5CD,On Arcor Cl.5 21/05/29 Usd,US$,BCBA,argentina,ObligacionesNegociables/Todas,2026-08-29
RC5CO,On Arcor Cl.5 21/05/29 Usd,AR$,BCBA,argentina,ObligacionesNegociables/Todas,2026-08-29
RC6CC,On Arcor Cl.6 21/08/27 $,US$,BCBA,argentina,ObligacionesNegociables/Todas,2026-08-29
RC6CD,On Arcor Cl.6 21/08/27 $,US$,BCBA,argentina,ObligacionesNegociables/Todas,2026-08-29
RC6CO,On Arcor Cl.6 21/08/27 $,AR$,BCBA,argentina,ObligacionesNegociables/Todas,2026-08-29
RCCRD,On Arcor Cl.26 V09/05/27 U$S Cg,US$,BCBA,argentina,ObligacionesNegociables/Todas,2026-08-29
RCCRO,On Arcor Cl.26 V09/05/27 U$S Cg,AR$,BCBA,argentina,ObligacionesNegociables/Todas,2026-08-29
RDS1L,On Pyme Rda Renting S.5 V11/06/27 $ Cg,AR$,BCBA,argentina,ObligacionesNegociables/Todas,2026-08-29
RENT3,Cedear Localiza Rent A Car S.A,AR$,BCBA,argentina,Acciones/CEDEARs,2026-08-29
RGTI,Cedear Rigetti Computing,AR$,BCBA,argentina,Acciones/CEDEARs,2026-08-29
RGTID,Cedear Rigetti Computing,US$,BCBA,argentina,Acciones/CEDEARs,2026-08-29
RICH,Laboratorios Richmond S.A.C.I.F.,AR$,BCBA,argentina,Acciones/Panel General,2026-08-29
RIGO,Rigolleau,AR$,BCBA,argentina,Acciones/Panel General,2026-08-29
RIO,Cedear Rio Tinto Plc Adr,AR$,BCBA,argentina,Acciones/CEDEARs,2026-08-29
RIOD,Cedear Rio Tinto Plc - Adr,US$,BCBA,argentina,Acciones/CEDEARs,2026-08-29
RIOT,Cedear Riot Platforms Inc.,AR$,BCBA,argentina,Acciones/CEDEARs,2026-08-29
RIOTC,Cedear Riot Platforms Inc.,US$,BCBA,argentina,Acciones/CEDEARs,2026-08-29
RIOTD,Cedear Riot Platforms Inc.,US$,BCBA,argentina,Acciones/CEDEARs,2026-08-29
RKLB,CEDEAR ROCKET LAB CORP.,AR$,BCBA,argentina,Acciones/CEDEARs,2026-08-29
RKLBC,Cedear Rocket Lab Corp.,US$,BCBA,argentina,Acciones/CEDEARs,2026-08-29
RKLBD,Cedear Rocket Lab Corp.,US$,BCBA,argentina,Acciones/CEDEARs,2026-08-29
ROKU,Cedear Roku Inc.,AR$,BCBA,argentina,Acciones/CEDEARs,2026-08-29
ROKUD,Cedear Roku Inc.,US$,BCBA,argentina,Acciones/CEDEARs,2026-08-29
ROSE,Instituto Rosenbusch,AR$,BCBA,argentina,Acciones/Panel General,2026-08-29
ROST,"Cedear Ross Stores, Inc.",AR$,BCBA,argentina,Acciones/CEDEARs,2026-08-29
ROSTD,"Cedear Ross Stores, Inc.",US$,BCBA,argentina,Acciones/CEDEARs,2026-08-29
RSP,CEDEAR INVESCO S&P 500 EQUAL WEIGHT ETF,AR$,BCBA,argentina,Acciones/CEDEARs,2026-08-29
RSPC,Cedear Invesco S&P 500 Equal Weight Etf,US$,BCBA,argentina,Acciones/CEDEARs,2026-08-29
RSPD,Cedear Invesco S&P 500 Equal Weight Etf,US$,BCBA,argentina,Acciones/CEDEARs,2026-08-29
RTX,Cedear Rtx Corporation,AR$,BCBA,argentina,Acciones/CEDEARs,2026-08-29
RTXD,Cedear Rtx Corporation,US$,BCBA,argentina,Acciones/CEDEARs,2026-08-29
RUCDC,Msu Energy S.A. Regs 9.75% Vto. 05/12/30,US$,BCBA,argentina,ObligacionesNegociables/Todas,2026-08-29
RUCDD,Msu Energy S.A. Regs 9.75% Vto. 05/12/30,US$,BCBA,argentina,ObligacionesNegociables/Todas,2026-08-29
RUCDO,Msu Energy S.A. Regs 9.75% Vto. 05/12/30,AR$,BCBA,argentina,ObligacionesNegociables/Todas,2026-08-29
RUCED,On Msu Energy Cl.13 30/10/27 Usd,US$,BCBA,argentina,ObligacionesNegociables/Todas,2026-08-29
RUCEO,On Msu Energy Cl.13 30/10/27 Usd,AR$,BCBA,argentina,ObligacionesNegociables/Todas,2026-08-29
RVS1O,On C. A River Plate S.1 $ Cg,AR$,BCBA,argentina,ObligacionesNegociables/Todas,2026-08-29
RZ9AO,On Rizobacter Serie Ix Cl A Dolar Linked Vt 3/9/2029,AR$,BCBA,argentina,ObligacionesNegociables/Todas,2026-08-29
RZ9BD,On Rizobacter Serie Ix Cl B Hard Dolar Vt 3/9/2029,US$,BCBA,argentina,ObligacionesNegociables/Todas,2026-08-29
RZ9BO,On Rizobacter Serie Ix Cl B Hard Dolar Vt 3/9/2029,AR$,BCBA,argentina,ObligacionesNegociables/Todas,2026-08-29
RZAAD,On Rizobacter S.10 Cl.A V28/11/26 U$S Cg,US$,BCBA,argentina,ObligacionesNegociables/Todas,2026-08-29
RZABD,On Rizobacter S.10 Cl.B V28/11/27 U$S Cg,US$,BCBA,argentina,ObligacionesNegociables/Todas,2026-08-29
RZABO,On Rizobacter S.10 Cl.B V3/9/2029 U$S Cg,AR$,BCBA,argentina,ObligacionesNegociables/Todas,2026-08-29
RZBAC,On Rizobacter Argentina S.11 Cl.A 03/09/2029 Usd,US$,BCBA,argentina,ObligacionesNegociables/Todas,2026-08-29
RZBAD,On Rizobacter Argentina S.11 Cl.A 03/09/2029 Usd,US$,BCBA,argentina,ObligacionesNegociables/Todas,2026-08-29
RZBAO,On Rizobacter Argentina S.11 Cl.A 03/09/2029 Usd,AR$,BCBA,argentina,ObligacionesNegociables/Todas,2026-08-29
RZBBC,On Rizobacter Argentina S.11 Cl.B 09/09/2029 Usd,US$,BCBA,argentina,ObligacionesNegociables/Todas,2026-08-29
RZBBD,On Rizobacter Argentina S.11 Cl.B 09/09/2029 Usd,US$,BCBA,argentina,ObligacionesNegociables/Todas,2026-08-29
RZBBO,On Rizobacter Argentina S.11 Cl.B 09/09/2029 Usd,AR$,BCBA,argentina,ObligacionesNegociables/Todas,2026-08-29
RZBCC,On Rizobacter Argentina S.11 Cl.C 03/09/2029 Usd,US$,BCBA,argentina,ObligacionesNegociables/Todas,2026-08-29
RZBCD,On Rizobacter Argentina S.11 Cl.C 03/09/2029 Usd,US$,BCBA,argentina,ObligacionesNegociables/Todas,2026-08-29
RZBCO,On Rizobacter Argentina S.11 Cl.C 03/09/2029 Usd,AR$,BCBA,argentina,ObligacionesNegociables/Todas,2026-08-29
S13N6,Letra Tesoro Nacional Capitalizable 13/11/26 $,AR$,BCBA,argentina,Letras/Todas,2026-08-29
S15S6,Letra Tesoro Nacional Capitalizable 15/09/26 $,AR$,BCBA,argentina,Letras/Todas,2026-08-29
S16O6,Letra Tesoro Nacional Capitalizable 16/10/26 $,AR$,BCBA,argentina,Letras/Todas,2026-08-29
S16O6 - VENTANA,S16o6 - Ventana,AR$,BCBA,argentina,Letras/Todas,2026-08-29
S24DC,"BONO PCIA SALTA REGS 9,125% V 01/12/2027",US$,BCBA,argentina,Bonos/Todos,2026-08-29
S24DD,"BONO PCIA SALTA REGS 9,125% V 01/12/2027",US$,BCBA,argentina,Bonos/Todos,2026-08-29
S29E7,S29E7,AR$,BCBA,argentina,Letras/Todas,2026-08-29
S2N6D,Letra Tesoro Nacional Capitalizable 13/11/26 $,US$,BCBA,argentina,Letras/Todas,2026-08-29
S2O6C,L. TES. NAC. CAP. 16/10/26,US$,BCBA,argentina,Letras/Todas,2026-08-29
S2O6D,L. TES. NAC. CAP. 16/10/26,US$,BCBA,argentina,Letras/Todas,2026-08-29
S2S6C,Letra Tesoro Nacional Capitalizable 15/09/26 $,US$,BCBA,argentina,Letras/Todas,2026-08-29
S2S6D,Letra Tesoro Nacional Capitalizable 15/09/26 $,US$,BCBA,argentina,Letras/Todas,2026-08-29
S30N6,Letra Tesoro Nacional Capitalizable 30/11/26 $,AR$,BCBA,argentina,Letras/Todas,2026-08-29
S30O6,Letras Del Tesoro Cap $ V 30/10/2026,AR$,BCBA,argentina,Letras/Todas,2026-08-29
S30S6,Letra Tesoro Nacional Capi 30/09/26 $,AR$,BCBA,argentina,Letras/Todas,2026-08-29
S31G6,Letra Tesoro Nacional Capitalizable 31/08/26 $,AR$,BCBA,argentina,Letras/Todas,2026-08-29
SA24D,"BONO PCIA SALTA REGS 9,125% V 01/12/2027",AR$,BCBA,argentina,Bonos/Todos,2026-08-29
SAMI,San Miguel,AR$,BCBA,argentina,Acciones/Panel General | Acciones/Burcap,2026-08-29
SAN,Cedear Banco Santander S.A.,AR$,BCBA,argentina,Acciones/CEDEARs,2026-08-29
SANC,Cedear Banco Santander S.A.,US$,BCBA,argentina,Acciones/CEDEARs,2026-08-29
SAND,Cedear Banco Santander S.A.,US$,BCBA,argentina,Acciones/CEDEARs,2026-08-29
SAP,Cedear Sap Se,AR$,BCBA,argentina,Acciones/CEDEARs,2026-08-29
SAPC,Cedear Sap Se,US$,BCBA,argentina,Acciones/CEDEARs,2026-08-29
SAPD,Cedear Sap Se,US$,BCBA,argentina,Acciones/CEDEARs,2026-08-29
SATL,Cedear Satellogic Inc.,AR$,BCBA,argentina,Acciones/CEDEARs,2026-08-29
SATLC,Cedear Satellogic Inc.,US$,BCBA,argentina,Acciones/CEDEARs,2026-08-29
SATLD,Cedear Satellogic Inc.,US$,BCBA,argentina,Acciones/CEDEARs,2026-08-29
SBC1C,On Scania Credit Argentina Cl.1 V.05/09/27 U$S Cg,US$,BCBA,argentina,ObligacionesNegociables/Todas,2026-08-29
SBC1D,On Scania Credit Argentina Cl.1 V.05/09/27 U$S Cg,US$,BCBA,argentina,ObligacionesNegociables/Todas,2026-08-29
SBC1O,On Scania Credit Argentina Cl.1 V.05/09/27 U$S Cg,AR$,BCBA,argentina,ObligacionesNegociables/Todas,2026-08-29
SBC2C,On Scania Credit Argentina Cl.2 16/01/29 Usdc,US$,BCBA,argentina,ObligacionesNegociables/Todas,2026-08-29
SBC2D,On Scania Credit Argentina Cl.2 16/01/29 Usd Mep,US$,BCBA,argentina,ObligacionesNegociables/Todas,2026-08-29
SBC2O,On Scania Credit Argentina Cl.2 16/01/29,AR$,BCBA,argentina,ObligacionesNegociables/Todas,2026-08-29
SBC3C,On Scania Credit Argentina Cl.3 26/05/29 Usd,US$,BCBA,argentina,ObligacionesNegociables/Todas,2026-08-29
SBC3D,On Scania Credit Argentina Cl.3 26/05/29 Usd,US$,BCBA,argentina,ObligacionesNegociables/Todas,2026-08-29
SBC3O,On Scania Credit Argentina Cl.3 26/05/29 Usd,AR$,BCBA,argentina,ObligacionesNegociables/Todas,2026-08-29
SBS,Cedear Cia Sabesp,AR$,BCBA,argentina,Acciones/CEDEARs,2026-08-29
SBSP3,Cedear Cia De Saneamiento Basi,AR$,BCBA,argentina,Acciones/CEDEARs,2026-08-29
SBSPD,Cedear Cia De Saneamiento Basi,US$,BCBA,argentina,Acciones/CEDEARs,2026-08-29
SBUX,Cedear Starbucks Corporation,AR$,BCBA,argentina,Acciones/CEDEARs,2026-08-29
SBUXC,Cedear Starbucks Corporation,US$,BCBA,argentina,Acciones/CEDEARs,2026-08-29
SBUXD,Cedear Starbucks Corporation,US$,BCBA,argentina,Acciones/CEDEARs,2026-08-29
SCCO,Cedear Southern Copper Corp.,AR$,BCBA,argentina,Acciones/CEDEARs,2026-08-29
SCHW,Cedear Charles Schwab Corp.,AR$,BCBA,argentina,Acciones/CEDEARs,2026-08-29
SDA,Cedear Suncar Technology Group,AR$,BCBA,argentina,Acciones/CEDEARs,2026-08-29
SE,Cedear Sea Ltd.,AR$,BCBA,argentina,Acciones/CEDEARs,2026-08-29
SEC,Cedear Sea Ltd.,US$,BCBA,argentina,Acciones/CEDEARs,2026-08-29
SED,Cedear Sea Ltd.,US$,BCBA,argentina,Acciones/CEDEARs,2026-08-29
SEMI,Molinos Juan Semino,AR$,BCBA,argentina,Acciones/Panel General,2026-08-29
SFD34,TITULO DE DEUDA DE GOV. PROV SANTA FE 8.1% 11/12/34,AR$,BCBA,argentina,Bonos/Todos,2026-08-29
SFD4C,TITULO DE DEUDA DE GOV. PROV SANTA FE 8.1% 11/12/34 USD C,US$,BCBA,argentina,Bonos/Todos,2026-08-29
SFD4D,TITULO DE DEUDA DE GOV. PROV SANTA FE 8.1% 11/12/34 USD MEP,US$,BCBA,argentina,Bonos/Todos,2026-08-29
SFN27,BONO INF VIAL PCIA DE SANTA FE $ CG,AR$,BCBA,argentina,Bonos/Todos,2026-08-29
SH,Cedear Proshares  Short S&P500,AR$,BCBA,argentina,Acciones/CEDEARs,2026-08-29
SHC,Cedear Proshares  Short S&P500,US$,BCBA,argentina,Acciones/CEDEARs,2026-08-29
SHD,Cedear Proshares  Short S&P500,US$,BCBA,argentina,Acciones/CEDEARs,2026-08-29
SHEL,Cedear Royal Dutch Shell Plc,AR$,BCBA,argentina,Acciones/CEDEARs,2026-08-29
SHELC,Cedear Royal Dutch Shell Plc,US$,BCBA,argentina,Acciones/CEDEARs,2026-08-29
SHELD,Shell Plc,US$,BCBA,argentina,Acciones/CEDEARs,2026-08-29
SHOP,Cedear Shopify Inc.,AR$,BCBA,argentina,Acciones/CEDEARs,2026-08-29
SHOPC,Cedear Shopify Inc.,US$,BCBA,argentina,Acciones/CEDEARs,2026-08-29
SHOPD,Cedear Shopify Inc.,US$,BCBA,argentina,Acciones/CEDEARs,2026-08-29
SIC1D,On Sidersa Cl1 V09/12/26,US$,BCBA,argentina,ObligacionesNegociables/Todas,2026-08-29
SIC1O,On Sidersa Cl1 V09/12/26,AR$,BCBA,argentina,ObligacionesNegociables/Todas,2026-08-29
SIC2C,On Sidersa Cl.2 19/06/29 Usd,US$,BCBA,argentina,ObligacionesNegociables/Todas,2026-08-29
SIC2D,On Sidersa Cl.2 19/06/29 Usd,US$,BCBA,argentina,ObligacionesNegociables/Todas,2026-08-29
SIC2O,On Sidersa Cl.2 19/06/29 Usd,AR$,BCBA,argentina,ObligacionesNegociables/Todas,2026-08-29
SID,Cedear Companhia Siderurgica Nacional,AR$,BCBA,argentina,Acciones/CEDEARs,2026-08-29
SIDD,Cedear Companhia Siderurgica Nacional,US$,BCBA,argentina,Acciones/CEDEARs,2026-08-29
SIEGY,Cedear Siemens Ag Adr,AR$,BCBA,argentina,Acciones/CEDEARs,2026-08-29
SLB,Cedear Schlumberger Limited,AR$,BCBA,argentina,Acciones/CEDEARs,2026-08-29
SLBC,Cedear Schlumberger Limited,US$,BCBA,argentina,Acciones/CEDEARs,2026-08-29
SLBD,Cedear Schlumberger Limited,US$,BCBA,argentina,Acciones/CEDEARs,2026-08-29
SLV,Cedear Etf Ishares Silver Trus,AR$,BCBA,argentina,Acciones/CEDEARs,2026-08-29
SLVC,Cedear Etf Ishares Silver Trus,US$,BCBA,argentina,Acciones/CEDEARs,2026-08-29
SLVD,Cedear Etf Ishares Silver Trus,US$,BCBA,argentina,Acciones/CEDEARs,2026-08-29
SMH,Cedear Van Eck Vectors Etf Tru,AR$,BCBA,argentina,Acciones/CEDEARs,2026-08-29
SMHC,Cedear Van Eck Vectors Etf Tru,US$,BCBA,argentina,Acciones/CEDEARs,2026-08-29
SMHD,Cedear Van Eck Vectors Etf Tru,US$,BCBA,argentina,Acciones/CEDEARs,2026-08-29
SMSN,Cedear Samsung Electronics Co,AR$,BCBA,argentina,Acciones/CEDEARs,2026-08-29
SNA,Cedear Snap-On Incorporated,AR$,BCBA,argentina,Acciones/CEDEARs,2026-08-29
SNAAO,On San Miguel S.10 Cl.A Vto. 29/07/29 U$S,AR$,BCBA,argentina,ObligacionesNegociables/Todas,2026-08-29
SNABO,On San Miguel Serie 10 Cl.B Vto. 29/07/29 U$S,AR$,BCBA,argentina,ObligacionesNegociables/Todas,2026-08-29
SNAP,Cedear Snap Inc.,AR$,BCBA,argentina,Acciones/CEDEARs,2026-08-29
SNAPD,Cedear Snap Inc.,US$,BCBA,argentina,Acciones/CEDEARs,2026-08-29
SNDK,CEDEAR SANDISK CORPORATION,AR$,BCBA,argentina,Acciones/CEDEARs,2026-08-29
SNDKC,Cedear Sandisk Corporation,US$,BCBA,argentina,Acciones/CEDEARs,2026-08-29
SNDKD,Cedear Sandisk Corporation,US$,BCBA,argentina,Acciones/CEDEARs,2026-08-29
SNEAC,On San Miguel S.13 Cl.A 14/07/29 Usdc,US$,BCBA,argentina,ObligacionesNegociables/Todas,2026-08-29
SNEAD,On San Miguel S.13 Cl.A 14/07/29 Usd Mep,US$,BCBA,argentina,ObligacionesNegociables/Todas,2026-08-29
SNEAO,On San Miguel S.13 Cl.A 14/07/29,AR$,BCBA,argentina,ObligacionesNegociables/Todas,2026-08-29
SNEBC,On San Miguel S.13 Cl.B 14/07/29 Usdc,US$,BCBA,argentina,ObligacionesNegociables/Todas,2026-08-29
SNEBD,On San Miguel S.13 Cl.B 14/07/29 Usd Mep,US$,BCBA,argentina,ObligacionesNegociables/Todas,2026-08-29
SNEBO,On San Miguel S.13 Cl.B 14/07/29,AR$,BCBA,argentina,ObligacionesNegociables/Todas,2026-08-29
SNOW,Cedear Snowflake Inc,AR$,BCBA,argentina,Acciones/CEDEARs,2026-08-29
SNOWC,Cedear Snowflake Inc,US$,BCBA,argentina,Acciones/CEDEARs,2026-08-29
SNOWD,Cedear Snowflake Inc,US$,BCBA,argentina,Acciones/CEDEARs,2026-08-29
SNSBD,On Sami Clase Xi Hard Dolar Vt 14/10/26,US$,BCBA,argentina,ObligacionesNegociables/Todas,2026-08-29
SNSBO,On Sami Clase Xi Hard Dolar Vt 14/10/26,AR$,BCBA,argentina,ObligacionesNegociables/Todas,2026-08-29
SNSDD,On San Miguel S.12 V06/02/27 U$S,US$,BCBA,argentina,ObligacionesNegociables/Todas,2026-08-29
SNSDO,On San Miguel S.12 V06/02/27,AR$,BCBA,argentina,ObligacionesNegociables/Todas,2026-08-29
SONY,Cedear Sony Corporation,AR$,BCBA,argentina,Acciones/CEDEARs,2026-08-29
SONYD,Cedear Sony Corporation,US$,BCBA,argentina,Acciones/CEDEARs,2026-08-29
SPCE,Cedear Virgin Galactic Holdings Inc.,AR$,BCBA,argentina,Acciones/CEDEARs,2026-08-29
SPCED,Cedear Virgin Galactic Holdings Inc.,US$,BCBA,argentina,Acciones/CEDEARs,2026-08-29
SPCX,Cedear Space Exploration Technologies Corp,AR$,BCBA,argentina,Acciones/CEDEARs,2026-08-29
SPCXD,Cedear Space Exploration Technologies Corp,US$,BCBA,argentina,Acciones/CEDEARs,2026-08-29
SPGI,Cedear S&P Global Inc.,AR$,BCBA,argentina,Acciones/CEDEARs,2026-08-29
SPGIC,Cedear S&P Global Inc.,US$,BCBA,argentina,Acciones/CEDEARs,2026-08-29
SPGID,Cedear S&P Global Inc.,US$,BCBA,argentina,Acciones/CEDEARs,2026-08-29
SPHQ,CEDEAR INVERSCO S&P 500 QUALITY ETF,AR$,BCBA,argentina,Acciones/CEDEARs,2026-08-29
SPHQD,Cedear Inversco S&P 500 Quality Etf,US$,BCBA,argentina,Acciones/CEDEARs,2026-08-29
SPOT,Cedear Spotify Technology,AR$,BCBA,argentina,Acciones/CEDEARs,2026-08-29
SPOTC,Cedear Spotify Technology,US$,BCBA,argentina,Acciones/CEDEARs,2026-08-29
SPOTD,Cedear Spotify Technology,US$,BCBA,argentina,Acciones/CEDEARs,2026-08-29
SPXL,Cedear Direxion Daily S&P 500,AR$,BCBA,argentina,Acciones/CEDEARs,2026-08-29
SPXLC,Cedear Direxion Daily S&P 500,US$,BCBA,argentina,Acciones/CEDEARs,2026-08-29
SPXLD,Cedear Direxion Daily S&P 500,US$,BCBA,argentina,Acciones/CEDEARs,2026-08-29
SPY,Cedear Spdr S&P 500,AR$,BCBA,argentina,Acciones/CEDEARs,2026-08-29
SPYC,Cedear Spdr S&P 500,US$,BCBA,argentina,Acciones/CEDEARs,2026-08-29
SPYD,Cedear Spdr S&P 500,US$,BCBA,argentina,Acciones/CEDEARs,2026-08-29
SS6C,Letra Tesoro Nacional Capi 30/09/26 $,US$,BCBA,argentina,Letras/Todas,2026-08-29
SS6D,Letra Tesoro Nacional Capi 30/09/26 $,US$,BCBA,argentina,Letras/Todas,2026-08-29
STCFC,On Grupo St Cl.14 18/02/27 Usd,US$,BCBA,argentina,ObligacionesNegociables/Todas,2026-08-29
STCFD,On Grupo St Cl.14 18/02/27 Usd,US$,BCBA,argentina,ObligacionesNegociables/Todas,2026-08-29
STCFO,On Grupo St Cl.14 18/02/27 Usd,AR$,BCBA,argentina,ObligacionesNegociables/Todas,2026-08-29
STCGC,On Grupo St Cl.15 18/02/27 $,US$,BCBA,argentina,ObligacionesNegociables/Todas,2026-08-29
STCGD,On Grupo St Cl.15 18/02/27 $,US$,BCBA,argentina,ObligacionesNegociables/Todas,2026-08-29
STCGO,On Grupo St Cl.15 18/02/27 $,AR$,BCBA,argentina,ObligacionesNegociables/Todas,2026-08-29
STCHC,On Grupo St Cl.16 21/01/27 $,US$,BCBA,argentina,ObligacionesNegociables/Todas,2026-08-29
STCHD,On Grupo St Cl.16 21/01/27 $,US$,BCBA,argentina,ObligacionesNegociables/Todas,2026-08-29
STCHO,On Grupo St Cl.16 21/01/27 $,AR$,BCBA,argentina,ObligacionesNegociables/Todas,2026-08-29
STLA,Cedear Stellantis Nv,AR$,BCBA,argentina,Acciones/CEDEARs,2026-08-29
STLAC,Cedear Stellantis Nv,US$,BCBA,argentina,Acciones/CEDEARs,2026-08-29
STLAD,Cedear Stellantis Nv,US$,BCBA,argentina,Acciones/CEDEARs,2026-08-29
STNE,Cedear Stoneco Ltd,AR$,BCBA,argentina,Acciones/CEDEARs,2026-08-29
STNEC,Cedear Stoneco Ltd,US$,BCBA,argentina,Acciones/CEDEARs,2026-08-29
STNED,Cedear Stoneco Ltd,US$,BCBA,argentina,Acciones/CEDEARs,2026-08-29
SUPV,Grupo Supervielle S.A.,AR$,BCBA,argentina,Acciones/Merval | Acciones/Merval 25 | Acciones/Merval Argentina | Acciones/Burcap,2026-08-29
SUPVD,Grupo Supervielle S.A.,US$,BCBA,argentina,Acciones/Merval Argentina,2026-08-29
SUZ,Cedear Suzano Papel E Celulose,AR$,BCBA,argentina,Acciones/CEDEARs,2026-08-29
SUZB3,CEDEAR SUZANO S.A,AR$,BCBA,argentina,Acciones/CEDEARs,2026-08-29
SUZD,Cedear Suzano Papel E Celulose,US$,BCBA,argentina,Acciones/CEDEARs,2026-08-29
SWKS,Cedear Skyworks Solutions Inc.,AR$,BCBA,argentina,Acciones/CEDEARs,2026-08-29
SWKSD,Cedear Skyworks Solutions Inc.,US$,BCBA,argentina,Acciones/CEDEARs,2026-08-29
SXC3C,On Mercado Pago Servicios De Procesamiento Cl.3 23,US$,BCBA,argentina,ObligacionesNegociables/Todas,2026-08-29
SXC3D,On Mercado Pago Servicios De Procesamiento Cl.3 23,US$,BCBA,argentina,ObligacionesNegociables/Todas,2026-08-29
SXC3O,On Mercado Pago Servicios De Procesamiento Cl.3 23/02/27 $,AR$,BCBA,argentina,ObligacionesNegociables/Todas,2026-08-29
SXC4C,On Mercado Pago Servicios De Procesamiento Cl.4 01,US$,BCBA,argentina,ObligacionesNegociables/Todas,2026-08-29
SXC4D,On Mercado Pago Servicios De Procesamiento Cl.4 01,US$,BCBA,argentina,ObligacionesNegociables/Todas,2026-08-29
SXC4O,On Mercado Pago Servicios De Procesamiento Cl.4 01/09/26 Usd,AR$,BCBA,argentina,ObligacionesNegociables/Todas,2026-08-29
SXC5O,On Mercado Pago Servicios De Procesamiento Cl.5 18/11/26 $,AR$,BCBA,argentina,ObligacionesNegociables/Todas,2026-08-29
SXC6C,On Mercado Pago Servicios De Procesamiento Cl.6 18,US$,BCBA,argentina,ObligacionesNegociables/Todas,2026-08-29
SYY,Cedear Sysco Corporation,AR$,BCBA,argentina,Acciones/CEDEARs,2026-08-29
SYYD,Cedear Sysco Corporation,US$,BCBA,argentina,Acciones/CEDEARs,2026-08-29
T,Cedear At & T Inc.,AR$,BCBA,argentina,Acciones/CEDEARs,2026-08-29
T15E7,BONO TESORO NAC CAP V.15/01/27  $ CG,AR$,BCBA,argentina,Bonos/Todos,2026-08-29
T30A7,BONO TESORO NAC CAP V.30/04/27,AR$,BCBA,argentina,Bonos/Todos,2026-08-29
T30J7,BONO TESORO NACIONAL CAPITALIZABLE 30/06/27 $,AR$,BCBA,argentina,Bonos/Todos,2026-08-29
T31Y7,BONO TESORO NACIONAL CAPITALIZABLE 31/05/27 $,AR$,BCBA,argentina,Bonos/Todos,2026-08-29
T641D,On Tarj Nara Cl.64 S.1 V30/04/27 U$S Cg,US$,BCBA,argentina,ObligacionesNegociables/Todas,2026-08-29
T641O,On Tarj Nara Cl.64 S.1 V30/04/27 U$S Cg,AR$,BCBA,argentina,ObligacionesNegociables/Todas,2026-08-29
T661O,On Tarjeta Naranja Cl.66 S.1 30/11/2026 $,AR$,BCBA,argentina,ObligacionesNegociables/Todas,2026-08-29
T662C,On Tarjeta Naranja Cl.66 S.2 31/08/2026 Usd,US$,BCBA,argentina,ObligacionesNegociables/Todas,2026-08-29
T662D,On Tarjeta Naranja Cl.66 S.2 31/08/2026 Usd,US$,BCBA,argentina,ObligacionesNegociables/Todas,2026-08-29
T662O,On Tarjeta Naranja Cl.66 S.2 31/08/2026 Usd,AR$,BCBA,argentina,ObligacionesNegociables/Todas,2026-08-29
T671C,On Tarjeta Naranja Cl.67 S.1 22/05/27 $,US$,BCBA,argentina,ObligacionesNegociables/Todas,2026-08-29
T671D,On Tarjeta Naranja Cl.67 S.1 22/05/27 $,US$,BCBA,argentina,ObligacionesNegociables/Todas,2026-08-29
T671O,On Tarjeta Naranja Cl.67 S.1 22/05/27 $,AR$,BCBA,argentina,ObligacionesNegociables/Todas,2026-08-29
T672C,On Tarjeta Naranja Cl.67 S.2 22/02/27 Usd,US$,BCBA,argentina,ObligacionesNegociables/Todas,2026-08-29
T672D,On Tarjeta Naranja Cl.67 S.2 22/02/27 Usd,US$,BCBA,argentina,ObligacionesNegociables/Todas,2026-08-29
T672O,On Tarjeta Naranja Cl.67 S.2 22/02/27 Usd,AR$,BCBA,argentina,ObligacionesNegociables/Todas,2026-08-29
T673C,On Tarjeta Naranja Cl.67 S.3 22/11/27 Usd,US$,BCBA,argentina,ObligacionesNegociables/Todas,2026-08-29
T673D,On Tarjeta Naranja Cl.67 S.3 22/11/27 Usd,US$,BCBA,argentina,ObligacionesNegociables/Todas,2026-08-29
T673O,On Tarjeta Naranja Cl.67 S.3 22/11/27 Usd,AR$,BCBA,argentina,ObligacionesNegociables/Todas,2026-08-29
TA7C,BONO TESORO NACIONAL CAPITALIZABLE 30/04/27 $ USDC,US$,BCBA,argentina,Bonos/Todos,2026-08-29
TA7D,BONO TESORO NACIONAL CAPITALIZABLE 30/04/27 $ USD,US$,BCBA,argentina,Bonos/Todos,2026-08-29
TC,Cedear At & T Inc.,US$,BCBA,argentina,Acciones/CEDEARs,2026-08-29
TCOM,Cedear Ctrip.Com International,AR$,BCBA,argentina,Acciones/CEDEARs,2026-08-29
TCOMD,Cedear Ctrip.Com International,US$,BCBA,argentina,Acciones/CEDEARs,2026-08-29
TD,Cedear At & T Inc.,US$,BCBA,argentina,Acciones/CEDEARs,2026-08-29
TEAM,Cedear Atlassian Corporation,AR$,BCBA,argentina,Acciones/CEDEARs,2026-08-29
TEAMD,Cedear Atlassian Corporation,US$,BCBA,argentina,Acciones/CEDEARs,2026-08-29
TECO2,Telecom Argentina,AR$,BCBA,argentina,Acciones/Merval | Acciones/Merval 25 | Acciones/Merval Argentina | Acciones/Burcap,2026-08-29
TECOD,Telecom Argentina,US$,BCBA,argentina,Acciones/Merval Argentina,2026-08-29
TEM,Cedear Tempus Ai Inc,AR$,BCBA,argentina,Acciones/CEDEARs,2026-08-29
TEMD,Cedear Tempus Ai Inc,US$,BCBA,argentina,Acciones/CEDEARs,2026-08-29
TEN,Cedear Tenaris S.A. (Ads),AR$,BCBA,argentina,Acciones/CEDEARs,2026-08-29
TENC,Cedear Tenaris S.A. (Ads),US$,BCBA,argentina,Acciones/CEDEARs,2026-08-29
TEND,Cedear Tenaris S.A. (Ads),US$,BCBA,argentina,Acciones/CEDEARs,2026-08-29
TFU27,Bono Tierra del Fuego USD 8.95% v27,AR$,BCBA,argentina,Bonos/Provinciales en dólares | Bonos/Todos,2026-08-29
TGN4D,Transportadora Gas Del Norte,US$,BCBA,argentina,Acciones/Merval Argentina,2026-08-29
TGNO4,Transportadora Gas del Norte,AR$,BCBA,argentina,Acciones/Merval | Acciones/Merval 25 | Acciones/Merval Argentina | Acciones/Burcap,2026-08-29
TGSU2,Transportadora Gas del Sur,AR$,BCBA,argentina,Acciones/Merval | Acciones/Merval 25 | Acciones/Merval Argentina | Acciones/Burcap,2026-08-29
TGSUD,Transportadora Gas Del Sur,US$,BCBA,argentina,Acciones/Merval Argentina,2026-08-29
TGT,Cedear Target Corporation,AR$,BCBA,argentina,Acciones/CEDEARs,2026-08-29
TGTC,Cedear Target Corporation,US$,BCBA,argentina,Acciones/CEDEARs,2026-08-29
TGTD,Cedear Target Corporation,US$,BCBA,argentina,Acciones/CEDEARs,2026-08-29
TIMB,Cedear Tim Participacoes S.A.,AR$,BCBA,argentina,Acciones/CEDEARs,2026-08-29
TIMBD,Cedear Tim Participacoes S.A.,US$,BCBA,argentina,Acciones/CEDEARs,2026-08-29
TIMS3,Cedear Tim S.A.,AR$,BCBA,argentina,Acciones/CEDEARs,2026-08-29
TJ7D,BONO TESORO NACIONAL CAPITALIZABLE 30/06/2027 MEP,US$,BCBA,argentina,Bonos/Todos,2026-08-29
TJX,Cedear Tjx Companies Inc.,AR$,BCBA,argentina,Acciones/CEDEARs,2026-08-29
TJXD,Cedear Tjx Companies Inc.,US$,BCBA,argentina,Acciones/CEDEARs,2026-08-29
TLCDD,On Telecom Arg Cl.12 V.09/03/27 U$S C.G,US$,BCBA,argentina,ObligacionesNegociables/Todas,2026-08-29
TLCDO,On Telecom Arg Cl.12 V.09/03/27 U$S C.G,AR$,BCBA,argentina,ObligacionesNegociables/Todas,2026-08-29
TLCFC,On Telecom Cl. 14 Vto 10-02-28,US$,BCBA,argentina,ObligacionesNegociables/Todas,2026-08-29
TLCFD,On Telecom Cl. 14 Vto 10-02-28,US$,BCBA,argentina,ObligacionesNegociables/Todas,2026-08-29
TLCFO,On Telecom Cl. 14 Vto 10-02-28,AR$,BCBA,argentina,ObligacionesNegociables/Todas,2026-08-29
TLCKO,On Telecom Cl.19 Vto. 17/11/26 U$S,AR$,BCBA,argentina,ObligacionesNegociables/Todas,2026-08-29
TLCMC,"On Telecom Argentina 9,5% Vto. 18/7/31",US$,BCBA,argentina,ObligacionesNegociables/Todas,2026-08-29
TLCMD,"On Telecom Argentina 9,5% Vto. 18/7/31",US$,BCBA,argentina,ObligacionesNegociables/Todas,2026-08-29
TLCMO,"On Telecom Argentina 9,5% Vto. 18/7/31",AR$,BCBA,argentina,ObligacionesNegociables/Todas,2026-08-29
TLCOD,On Telecom Clase 23 Vto. 28/11/28 U$S,US$,BCBA,argentina,ObligacionesNegociables/Todas,2026-08-29
TLCOO,On Telecom Clase 23 Vto. 28/11/28 U$S,AR$,BCBA,argentina,ObligacionesNegociables/Todas,2026-08-29
TLCPC,On Telecom Argentina Sa Regs 9.25% V. 28/05/33,US$,BCBA,argentina,ObligacionesNegociables/Todas,2026-08-29
TLCPD,On Telecom Argentina Sa Regs 9.25% V. 28/05/33,US$,BCBA,argentina,ObligacionesNegociables/Todas,2026-08-29
TLCPO,On Telecom Argentina Sa Regs 9.25% V. 28/05/33,AR$,BCBA,argentina,ObligacionesNegociables/Todas,2026-08-29
TLCQC,On Telecom Cl.25 02/07/27 U$S Cg,US$,BCBA,argentina,ObligacionesNegociables/Todas,2026-08-29
TLCQD,On Telecom Cl.25 02/07/27 U$S Cg,US$,BCBA,argentina,ObligacionesNegociables/Todas,2026-08-29
TLCQO,On Telecom Cl.25 02/07/27 U$S Cg,AR$,BCBA,argentina,ObligacionesNegociables/Todas,2026-08-29
TLCTC,"On Telecom Argentina S 8,5 % Vto. 20/01/36",US$,BCBA,argentina,ObligacionesNegociables/Todas,2026-08-29
TLCTD,"On Telecom Argentina S 8,5 % Vto. 20/01/36",US$,BCBA,argentina,ObligacionesNegociables/Todas,2026-08-29
TLCTO,"On Telecom Argentina S 8,5 % Vto. 20/01/36",AR$,BCBA,argentina,ObligacionesNegociables/Todas,2026-08-29
TLCUC,On Telecom Argentina Cl.28 05/03/29 Usd,US$,BCBA,argentina,ObligacionesNegociables/Todas,2026-08-29
TLCUD,On Telecom Argentina Cl.28 05/03/29 Usd,US$,BCBA,argentina,ObligacionesNegociables/Todas,2026-08-29
TLCUO,On Telecom Argentina Cl.28 05/03/29 Usd,AR$,BCBA,argentina,ObligacionesNegociables/Todas,2026-08-29
TLCVD,On Telecom Argentina Cl.29 29/05/27 Usd,US$,BCBA,argentina,ObligacionesNegociables/Todas,2026-08-29
TLCVO,On Telecom Argentina Cl.29 29/05/27 Usd,AR$,BCBA,argentina,ObligacionesNegociables/Todas,2026-08-29
TLCWC,On Telecom Argentina Cl.30 29/05/30 Usd,US$,BCBA,argentina,ObligacionesNegociables/Todas,2026-08-29
TLCWD,On Telecom Argentina Cl.30 29/05/30 Usd,US$,BCBA,argentina,ObligacionesNegociables/Todas,2026-08-29
TLCWO,On Telecom Argentina Cl.30 29/05/30 Usd,AR$,BCBA,argentina,ObligacionesNegociables/Todas,2026-08-29
TM,Cedear Toyota Motor Corp.Adr,AR$,BCBA,argentina,Acciones/CEDEARs,2026-08-29
TMC,Cedear Toyota Motor Corp.Adr,US$,BCBA,argentina,Acciones/CEDEARs,2026-08-29
TMD,Cedear Toyota Motor Corp.Adr,US$,BCBA,argentina,Acciones/CEDEARs,2026-08-29
TMF27,BONO TESORO NACIONAL TAMAR 26/02/2027 $,AR$,BCBA,argentina,Bonos/Todos,2026-08-29
TMF28,BONO TESORO NACIONAL TAMAR 25/02/28 $,AR$,BCBA,argentina,Bonos/Todos,2026-08-29
TMF7C,BONO TESORO NACIONAL TAMAR 26/02/27 $ USDC,US$,BCBA,argentina,Bonos/Todos,2026-08-29
TMF7D,BONO TESORO NACIONAL TAMAR 26/02/27 $ USD MEP,US$,BCBA,argentina,Bonos/Todos,2026-08-29
TMG27,BONO TESORO NACIONAL TAMAR 31/08/27 $,AR$,BCBA,argentina,Bonos/Todos,2026-08-29
TMG28,BONO TESORO NACIONAL TAMAR 31/08/28 $,AR$,BCBA,argentina,Bonos/Todos,2026-08-29
TML27,BONO TESORO NACIONAL TAMAR 30/07/27 $,AR$,BCBA,argentina,Bonos/Todos,2026-08-29
TMO,Cedear Thermo Fisher Scientific Inc,AR$,BCBA,argentina,Acciones/CEDEARs,2026-08-29
TMOD,Cedear Thermo Fisher Scientifi,US$,BCBA,argentina,Acciones/CEDEARs,2026-08-29
TMUS,Cedear T-Mobile Us Inc.,AR$,BCBA,argentina,Acciones/CEDEARs,2026-08-29
TMUSC,Cedear T-Mobile Us Inc.,US$,BCBA,argentina,Acciones/CEDEARs,2026-08-29
TMUSD,Cedear T-Mobile Us Inc.,US$,BCBA,argentina,Acciones/CEDEARs,2026-08-29
TMVE8,BONO TESORO NACIONAL MONEDA DUAL 31/01/28 USD,AR$,BCBA,argentina,Bonos/Todos,2026-08-29
TO26,"BONOS DEL TESORO NAC. ARS 15,5% v2026",AR$,BCBA,argentina,Bonos/Soberanos en pesos a tasa fija | Bonos/Todos,2026-08-29
TO26C,BONO TESORO NAC. ARS VTO 17/10/26,US$,BCBA,argentina,Bonos/Todos,2026-08-29
TO26D,BONO TESORO NAC. ARS VTO 17/10/26,US$,BCBA,argentina,Bonos/Todos,2026-08-29
TQQQ,Cedear Proshares Ultrapro Qqq Etf,AR$,BCBA,argentina,Acciones/CEDEARs,2026-08-29
TQQQC,Cedear Proshares Ultrapro Qqq Etf Usdc,US$,BCBA,argentina,Acciones/CEDEARs,2026-08-29
TQQQD,CEDEAR PROSHARES ULTRAPRO QQQ ETF USD,US$,BCBA,argentina,Acciones/CEDEARs,2026-08-29
TRAN,Transener,AR$,BCBA,argentina,Acciones/Merval | Acciones/Merval 25 | Acciones/Merval Argentina | Acciones/Burcap,2026-08-29
TRAND,Transener,US$,BCBA,argentina,Acciones/Merval Argentina,2026-08-29
TRIP,"Cedear Tripadvisor, Inc.",AR$,BCBA,argentina,Acciones/CEDEARs,2026-08-29
TRIPC,"Cedear Tripadvisor, Inc.",US$,BCBA,argentina,Acciones/CEDEARs,2026-08-29
TRIPD,"Cedear Tripadvisor, Inc.",US$,BCBA,argentina,Acciones/CEDEARs,2026-08-29
TRVV,Cedear Travelers Cos. Inc.,AR$,BCBA,argentina,Acciones/CEDEARs,2026-08-29
TRVVD,Cedear Travelers Cos. Inc.,US$,BCBA,argentina,Acciones/CEDEARs,2026-08-29
TSC3D,On Transportadora Gas Del Sur 8.5 Vto. 24/07/31,US$,BCBA,argentina,ObligacionesNegociables/Todas,2026-08-29
TSC3O,On Transportadora Gas Del Sur 8.5 Vto. 24/07/31,AR$,BCBA,argentina,ObligacionesNegociables/Todas,2026-08-29
TSC4C,On Tran. De Gas Del Sur 7.75 20/11/35,US$,BCBA,argentina,ObligacionesNegociables/Todas,2026-08-29
TSC4D,On Tran. De Gas Del Sur 7.75 20/11/35,US$,BCBA,argentina,ObligacionesNegociables/Todas,2026-08-29
TSC4O,On Tran. De Gas Del Sur 7.75 20/11/35,AR$,BCBA,argentina,ObligacionesNegociables/Todas,2026-08-29
TSLA,"Cedear Tesla, Inc.",AR$,BCBA,argentina,Acciones/CEDEARs,2026-08-29
TSLAC,"Cedear Tesla, Inc.",US$,BCBA,argentina,Acciones/CEDEARs,2026-08-29
TSLAD,"Cedear Tesla, Inc.",US$,BCBA,argentina,Acciones/CEDEARs,2026-08-29
TSM,Cedear Taiwan Semic. Manuf.,AR$,BCBA,argentina,Acciones/CEDEARs,2026-08-29
TSMC,Cedear Taiwan Semic. Manuf.,US$,BCBA,argentina,Acciones/CEDEARs,2026-08-29
TSMD,Cedear Taiwan Semic. Manuf.,US$,BCBA,argentina,Acciones/CEDEARs,2026-08-29
TTC8D,On Tecpetrol Cl.8 V.24/10/27 U$S Cg,US$,BCBA,argentina,ObligacionesNegociables/Todas,2026-08-29
TTC8O,On Tecpetrol S.A. Cl.8 U$S Vto. 24/10/27,AR$,BCBA,argentina,ObligacionesNegociables/Todas,2026-08-29
TTC9D,On Tecpetrol Cl.9 V.24/10/29 U$S Cg,US$,BCBA,argentina,ObligacionesNegociables/Todas,2026-08-29
TTC9O,On Tecpetrol S.A. Cl.9 U$S Vto. 24/10/29,AR$,BCBA,argentina,ObligacionesNegociables/Todas,2026-08-29
TTCAD,On Tecpetrol S.A. 7.625% V 22/01/33 Regs,US$,BCBA,argentina,ObligacionesNegociables/Todas,2026-08-29
TTCAO,On Tecpetrol S.A. 7.625% V 22/01/33 Regs,AR$,BCBA,argentina,ObligacionesNegociables/Todas,2026-08-29
TTCBC,On Tecpetrol Cl. 11 16/10/2027 Usd,US$,BCBA,argentina,ObligacionesNegociables/Todas,2026-08-29
TTCBD,On Tecpetrol Cl. 11 16/10/2027 Usd,US$,BCBA,argentina,ObligacionesNegociables/Todas,2026-08-29
TTCBO,On Tecpetrol Cl. 11 16/10/2027 Usd,AR$,BCBA,argentina,ObligacionesNegociables/Todas,2026-08-29
TTCDD,On Tecpetrol S. A. Cl. Xii Vto. 03/11/30,US$,BCBA,argentina,ObligacionesNegociables/Todas,2026-08-29
TTCDO,On Tecpetrol S. A. Cl. Xii Vto. 03/11/30,AR$,BCBA,argentina,ObligacionesNegociables/Todas,2026-08-29
TTCEC,On Tecpetrol Cl.13 21/05/29 Usd,US$,BCBA,argentina,ObligacionesNegociables/Todas,2026-08-29
TTCED,On Tecpetrol Cl.13 21/05/29 Usd,US$,BCBA,argentina,ObligacionesNegociables/Todas,2026-08-29
TTCEO,On Tecpetrol Cl.13 21/05/29 Usd,AR$,BCBA,argentina,ObligacionesNegociables/Todas,2026-08-29
TTD26,BONO NACION TASA DUAL 15/12/26,AR$,BCBA,argentina,Bonos/Todos,2026-08-29
TTD6C,BONO NACION TASA DUAL 15/12/26 $ CG,US$,BCBA,argentina,Bonos/Todos,2026-08-29
TTD6D,BONO NACION TASA DUAL 15/12/26 $ CG,US$,BCBA,argentina,Bonos/Todos,2026-08-29
TTE,Cedear Totalenergies  Se.,AR$,BCBA,argentina,Acciones/CEDEARs,2026-08-29
TTED,Cedear Totalenergies  Se.,US$,BCBA,argentina,Acciones/CEDEARs,2026-08-29
TTS26,BONO NACION TASA DUAL15/09/26,AR$,BCBA,argentina,Bonos/Todos,2026-08-29
TV,Cedear Grupo Televisa Sa Adr,AR$,BCBA,argentina,Acciones/CEDEARs,2026-08-29
TVC,Cedear Grupo Televisa Sa Adr,US$,BCBA,argentina,Acciones/CEDEARs,2026-08-29
TVD,Cedear Grupo Televisa Sa Adr,US$,BCBA,argentina,Acciones/CEDEARs,2026-08-29
TVPA,Cupón vinculado al PBI US$ 2035 (Ley Arg),AR$,BCBA,argentina,Bonos/Cupones vinculados al PBI | Bonos/Todos,2026-08-29
TVPE,Cupón vinculado al PBI Euros 2035,AR$,BCBA,argentina,Bonos/Cupones vinculados al PBI | Bonos/Todos,2026-08-29
TVPP,Cupón vinculado al PBI $ 2035 (Ley Arg),AR$,BCBA,argentina,Bonos/Cupones vinculados al PBI | Bonos/Todos,2026-08-29
TVPY,Cupón vinculado al PBI US$ 2035 (Ley NY),AR$,BCBA,argentina,Bonos/Cupones vinculados al PBI | Bonos/Todos,2026-08-29
TVPYD,Valores Negociables Vinc. Pbi Usd V2035,US$,BCBA,argentina,Bonos/Todos,2026-08-29
TWLO,Cedear Twilio Inc.,AR$,BCBA,argentina,Acciones/CEDEARs,2026-08-29
TWLOC,Cedear Twilio Inc.,US$,BCBA,argentina,Acciones/CEDEARs,2026-08-29
TWLOD,Cedear Twilio Inc.,US$,BCBA,argentina,Acciones/CEDEARs,2026-08-29
TX26,Bono Del Tesoro Boncer 2% $ 2026,AR$,BCBA,argentina,Bonos/Todos,2026-08-29
TX26D,Bono Del Tesoro Boncer 2% $ 2026,US$,BCBA,argentina,Bonos/Todos,2026-08-29
TX28,Bonos Del Tesoro Boncer 2.25% $ 2028,AR$,BCBA,argentina,Bonos/Todos,2026-08-29
TX28D,Bonos Del Tesoro Boncer 2.25% $ 2028,US$,BCBA,argentina,Bonos/Todos,2026-08-29
TX31,"BONO TESORO $ AJ CER 2,50% V.30/11/31",AR$,BCBA,argentina,Bonos/Todos,2026-08-29
TXA7D,Bono Tesoro Nacional Cero Cuponcon Ajuste Por Cer,US$,BCBA,argentina,Bonos/Todos,2026-08-29
TXAR,Ternium Argentina Sa,AR$,BCBA,argentina,Acciones/Merval | Acciones/Merval 25 | Acciones/Merval Argentina | Acciones/Burcap,2026-08-29
TXARD,Ternium Argentina Sa,US$,BCBA,argentina,Acciones/Merval Argentina,2026-08-29
TXD6D,BONTES $ A DESC AJ CER V15/12/26,US$,BCBA,argentina,Bonos/Todos,2026-08-29
TXD7D,BONTES $ A DESC AJ CER V15/12/27,US$,BCBA,argentina,Bonos/Todos,2026-08-29
TXD9D,BONO TES. NAC. TASA DUAL 14/12/2029,US$,BCBA,argentina,Bonos/Todos,2026-08-29
TXJ0D,BONO TN TASA DUAL CER/TAMAR 28/06/30 $,US$,BCBA,argentina,Bonos/Todos,2026-08-29
TXM7D,BONO TESORO NAC AJ CER V31/03/27 $ CG,US$,BCBA,argentina,Bonos/Todos,2026-08-29
TXM8D,B. TES. NAC. CERO CUPON AJ. CER 31/03/28,US$,BCBA,argentina,Bonos/Todos,2026-08-29
TXM9D,B. TES. NAC. CERO CUPON AJ. CER 28/03/29,US$,BCBA,argentina,Bonos/Todos,2026-08-29
TXMD8,BONO TESORO NACIONAL TASA DUAL CER/TAMAR 15/12/28 $,AR$,BCBA,argentina,Bonos/Todos,2026-08-29
TXMD9,BONO TESORO NACIONAL TASA DUAL CER/TAMAR 14/12/29 $,AR$,BCBA,argentina,Bonos/Todos,2026-08-29
TXMJ0,BONO TESORO NACIONAL TASA DUAL CER/TAMAR 28/06/30 $,AR$,BCBA,argentina,Bonos/Todos,2026-08-29
TXMJ8,BONO TESORO NACIONAL TASA DUAL CER/TAMAR 30/06/28 $,AR$,BCBA,argentina,Bonos/Todos,2026-08-29
TXMJ9,BONO TESORO NACIONAL TASA DUAL CER/TAMAR 29-06-29,AR$,BCBA,argentina,Bonos/Todos,2026-08-29
TXN,Cedear Texas Instruments Incor,AR$,BCBA,argentina,Acciones/CEDEARs,2026-08-29
TXNC,Cedear Texas Instruments Incor,US$,BCBA,argentina,Acciones/CEDEARs,2026-08-29
TXND,Cedear Texas Instruments Incor,US$,BCBA,argentina,Acciones/CEDEARs,2026-08-29
TXR,Cedear Ternium S.A.,AR$,BCBA,argentina,Acciones/CEDEARs,2026-08-29
TXRC,Cedear Ternium S.A.,US$,BCBA,argentina,Acciones/CEDEARs,2026-08-29
TXRD,Cedear Ternium S.A.,US$,BCBA,argentina,Acciones/CEDEARs,2026-08-29
TXS7D,B. TES. NAC. CERO CUPON AJ. CER 30/09/27,US$,BCBA,argentina,Bonos/Todos,2026-08-29
TXS8C,B. TES. NAC. CERO CUPON AJ. CER 29/09/28,US$,BCBA,argentina,Bonos/Todos,2026-08-29
TXS8D,B. TES. NAC. CERO CUPON AJ. CER 29/09/28,US$,BCBA,argentina,Bonos/Todos,2026-08-29
TY27P,Bono del Tesoro Nacional en Pesos CER Vto. 23/05/2,AR$,BCBA,argentina,Bonos/Todos,2026-08-29
TY30C,Bono Tes Nac Tf V.30/05/2030 $ Cg,US$,BCBA,argentina,Bonos/Todos,2026-08-29
TY30D,BONO TES NAC TF V.30/05/2030 $ CG,US$,BCBA,argentina,Bonos/Todos,2026-08-29
TY30P,BONO TES NAC TF V.30/05/2030 $ CG,AR$,BCBA,argentina,Bonos/Todos,2026-08-29
TY37C,On Toyota Cia. Financiera Cl.37 06/11/27 $,US$,BCBA,argentina,ObligacionesNegociables/Todas,2026-08-29
TY37D,On Toyota Cia. Financiera Cl.37 06/11/27 $,US$,BCBA,argentina,ObligacionesNegociables/Todas,2026-08-29
TY37O,On Toyota Cia. Financiera Cl.37 06/11/27 $,AR$,BCBA,argentina,ObligacionesNegociables/Todas,2026-08-29
TY38C,On Toyota Cia. Financiera Cl.38 06/03/27 $,US$,BCBA,argentina,ObligacionesNegociables/Todas,2026-08-29
TY38D,On Toyota Cia. Financiera Cl.38 06/03/27 $,US$,BCBA,argentina,ObligacionesNegociables/Todas,2026-08-29
TY38O,On Toyota Cia. Financiera Cl.38 06/03/27 $,AR$,BCBA,argentina,ObligacionesNegociables/Todas,2026-08-29
TY41O,On Toyota Compañia Financiera Argentina Cl.41 22/06/28 Uva,AR$,BCBA,argentina,ObligacionesNegociables/Todas,2026-08-29
TZV27,BONO TESORO NACIONAL VINC. USD CERO CUPON 30/06/27,AR$,BCBA,argentina,Bonos/Todos,2026-08-29
TZV28,B. T. NAC. VINC. USD CERO CUPON 30/06/28,AR$,BCBA,argentina,Bonos/Todos,2026-08-29
TZV7D,BONO TESORO NACIONAL VINC. USD CERO CUPON 30/06/27,US$,BCBA,argentina,Bonos/Todos,2026-08-29
TZV8C,B. T. NAC. VINC. USD CERO CUPON 30/06/28,US$,BCBA,argentina,Bonos/Todos,2026-08-29
TZVD8,BONO TESORO NACIONAL VINC. USD CERO CUPON 15/12/28 USD,AR$,BCBA,argentina,Bonos/Todos,2026-08-29
TZX27,BONO REP ARG AJ CER Vto. 30/06/27,AR$,BCBA,argentina,Bonos/Todos,2026-08-29
TZX28,BONO REP ARG AJ CER V30/06/28,AR$,BCBA,argentina,Bonos/Todos,2026-08-29
TZX7D,BONO REP ARG AJ CER Vto. 30/06/27,US$,BCBA,argentina,Bonos/Todos,2026-08-29
TZXA7,Bono Tesoro Nacional Cero Cuponcon Ajuste Por Cer 30/04/27 $,AR$,BCBA,argentina,Bonos/Todos,2026-08-29
TZXD6,Bono del Tesoro Boncer Vto 15/12/26,AR$,BCBA,argentina,Bonos/Todos,2026-08-29
TZXD7,BONTES $ A DESC AJ CER Vto. 15/12/27,AR$,BCBA,argentina,Bonos/Todos,2026-08-29
TZXD8,BONO TESORO NACIONAL CERO CUPON AJUSTABLE CER 15/12/28 $,AR$,BCBA,argentina,Bonos/Todos,2026-08-29
TZXM7,BONO TESORO NAC AJ CER V31/03/27 $ CG,AR$,BCBA,argentina,Bonos/Todos,2026-08-29
TZXM8,B. TES. NAC. CERO CUPON AJ. CER 31/03/28,AR$,BCBA,argentina,Bonos/Todos,2026-08-29
TZXM9,B. TES. NAC. CERO CUPON AJ. CER 28/03/29,AR$,BCBA,argentina,Bonos/Todos,2026-08-29
TZXO6,Bono del Tesoro Boncer Vto 30/10/2026,AR$,BCBA,argentina,Bonos/Todos,2026-08-29
TZXO7,BONO TESORO NACIONAL CERO CUPON AJUSTABLE CER 29/10/27 $,AR$,BCBA,argentina,Bonos/Todos,2026-08-29
TZXS7,B. TES. NAC. CERO CUPON AJ. CER 30/09/27,AR$,BCBA,argentina,Bonos/Todos,2026-08-29
TZXS8,B. TES. NAC. CERO CUPON AJ. CER 29/09/28,AR$,BCBA,argentina,Bonos/Todos,2026-08-29
TZXY7,BONO TESORO NACIONAL CERO CUPON AJUSTABLE CER 31/05/27 $,AR$,BCBA,argentina,Bonos/Todos,2026-08-29
UAL,Cedear United Airlines Holding,AR$,BCBA,argentina,Acciones/CEDEARs,2026-08-29
UALC,Cedear United Airlines Holding,US$,BCBA,argentina,Acciones/CEDEARs,2026-08-29
UALD,Cedear United Airlines Holding,US$,BCBA,argentina,Acciones/CEDEARs,2026-08-29
UBER,Cedear Uber Technologies Inc.,AR$,BCBA,argentina,Acciones/CEDEARs,2026-08-29
UBERC,Cedear Uber Technologies Inc.,US$,BCBA,argentina,Acciones/CEDEARs,2026-08-29
UBERD,Cedear Uber Technologies Inc.,US$,BCBA,argentina,Acciones/CEDEARs,2026-08-29
UGP,Cedear Ultrapar Participagues,AR$,BCBA,argentina,Acciones/CEDEARs,2026-08-29
UGPD,Cedear Ultrapar Participacoes,US$,BCBA,argentina,Acciones/CEDEARs,2026-08-29
UL,Cedear Unilever N.V.Ny Reg.Sha,AR$,BCBA,argentina,Acciones/CEDEARs,2026-08-29
ULC,Cedear Unilever N.V.Ny Reg.Sha,US$,BCBA,argentina,Acciones/CEDEARs,2026-08-29
ULD,Cedear Unilever N.V.Ny Reg.Sha,US$,BCBA,argentina,Acciones/CEDEARs,2026-08-29
UNH,Cedear Unitedhealth Group Inc.,AR$,BCBA,argentina,Acciones/CEDEARs,2026-08-29
UNHC,Cedear Unitedhealth Group Inc.,US$,BCBA,argentina,Acciones/CEDEARs,2026-08-29
UNHD,Cedear Unitedhealth Group Inc.,US$,BCBA,argentina,Acciones/CEDEARs,2026-08-29
UNP,Cedear Union Pacific Corp,AR$,BCBA,argentina,Acciones/CEDEARs,2026-08-29
UNPC,Cedear Union Pacific Corp,US$,BCBA,argentina,Acciones/CEDEARs,2026-08-29
UNPD,Cedear Union Pacific Corp,US$,BCBA,argentina,Acciones/CEDEARs,2026-08-29
UPST,Cedear Upstart Holdings Inc.,AR$,BCBA,argentina,Acciones/CEDEARs,2026-08-29
UPSTC,Cedear Upstart Holdings Inc.,US$,BCBA,argentina,Acciones/CEDEARs,2026-08-29
UPSTD,Cedear Upstart Holdings Inc.,US$,BCBA,argentina,Acciones/CEDEARs,2026-08-29
URA,Cedear Global X Uranium Etf,AR$,BCBA,argentina,Acciones/CEDEARs,2026-08-29
URAC,Cedear Global X Uranium Etf,US$,BCBA,argentina,Acciones/CEDEARs,2026-08-29
URAD,Cedear Global X Uranium Etf,US$,BCBA,argentina,Acciones/CEDEARs,2026-08-29
URBN,"Cedear Urban Outfitters, Inc.",AR$,BCBA,argentina,Acciones/CEDEARs,2026-08-29
URBND,"Cedear Urban Outfitters, Inc.",US$,BCBA,argentina,Acciones/CEDEARs,2026-08-29
USB,Cedear U.S. Bancorp,AR$,BCBA,argentina,Acciones/CEDEARs,2026-08-29
USD VINC. 30/10/26,L.T Na Vinc Usd Cero Cupon 30/10/2026,AR$,BCBA,argentina,Letras/Todas,2026-08-29
USO,Cedear United State Oil Fund L,AR$,BCBA,argentina,Acciones/CEDEARs,2026-08-29
USOD,Cedear United State Oil Fund Lp,US$,BCBA,argentina,Acciones/CEDEARs,2026-08-29
V,Cedear Visa Inc,AR$,BCBA,argentina,Acciones/CEDEARs,2026-08-29
VAL3C,Cedear Vale S.A.,US$,BCBA,argentina,Acciones/CEDEARs,2026-08-29
VAL3D,Cedear Vale S.A.,US$,BCBA,argentina,Acciones/CEDEARs,2026-08-29
VALE,Cedear Vale,AR$,BCBA,argentina,Acciones/CEDEARs,2026-08-29
VALE3,Cedear Vale S.A.,AR$,BCBA,argentina,Acciones/CEDEARs,2026-08-29
VALEC,Cedear Vale,US$,BCBA,argentina,Acciones/CEDEARs,2026-08-29
VALED,Cedear Vale,US$,BCBA,argentina,Acciones/CEDEARs,2026-08-29
VALO,Banco de Valores S.A.,AR$,BCBA,argentina,Acciones/Merval Argentina,2026-08-29
VALOD,Banco de Valores S.A.,US$,BCBA,argentina,Acciones/Merval Argentina,2026-08-29
VBC1D,On Banco De Valores Cl.1 V.11/03/2027 U$S,US$,BCBA,argentina,ObligacionesNegociables/Todas,2026-08-29
VBC1O,On Banco De Valores Cl.1 V.11/03/2027 U$S,AR$,BCBA,argentina,ObligacionesNegociables/Todas,2026-08-29
VBC2C,On Banco De Valores Cl.2 C.05/09/26 U$S Cg,US$,BCBA,argentina,ObligacionesNegociables/Todas,2026-08-29
VBC2D,On Banco De Valores Cl.2 C.05/09/26 U$S Cg,US$,BCBA,argentina,ObligacionesNegociables/Todas,2026-08-29
VBC2O,On Banco De Valores Cl.2 C.05/09/26 U$S Cg,AR$,BCBA,argentina,ObligacionesNegociables/Todas,2026-08-29
VBC3O,On Banco De Valores Cl.3 24/10/26 $,AR$,BCBA,argentina,ObligacionesNegociables/Todas,2026-08-29
VC,Cedear Visa Inc,US$,BCBA,argentina,Acciones/CEDEARs,2026-08-29
VD,Cedear Visa Inc,US$,BCBA,argentina,Acciones/CEDEARs,2026-08-29
VEA,Cedear Vanguard Ftse Developed,AR$,BCBA,argentina,Acciones/CEDEARs,2026-08-29
VEAC,Cedear Vanguard Ftse Developed,US$,BCBA,argentina,Acciones/CEDEARs,2026-08-29
VEAD,Cedear Vanguard Ftse Developed,US$,BCBA,argentina,Acciones/CEDEARs,2026-08-29
VIG,Cedear Etf Vanguard Dividend Appreciation,AR$,BCBA,argentina,Acciones/CEDEARs,2026-08-29
VIGD,Cedear Etf Vanguard Dividend A,US$,BCBA,argentina,Acciones/CEDEARs,2026-08-29
VIST,Cedear Vista Oil & Gas Sab De,AR$,BCBA,argentina,Acciones/CEDEARs,2026-08-29
VISTC,Cedear Vista Oil & Gas Sab De,US$,BCBA,argentina,Acciones/CEDEARs,2026-08-29
VISTD,Cedear Vista Oil & Gas Sab De,US$,BCBA,argentina,Acciones/CEDEARs,2026-08-29
VIV,Cedear Telefonica Brasil S.A.,AR$,BCBA,argentina,Acciones/CEDEARs,2026-08-29
VIVD,Cedear Telefonica Brasil S.A.,US$,BCBA,argentina,Acciones/CEDEARs,2026-08-29
VIVT3,Cedear Telefonica Brasil S.A.,AR$,BCBA,argentina,Acciones/CEDEARs,2026-08-29
VOD,Cedear Vodafone Group Plc.,AR$,BCBA,argentina,Acciones/CEDEARs,2026-08-29
VODC,Cedear Vodafone Group Plc.,US$,BCBA,argentina,Acciones/CEDEARs,2026-08-29
VODD,Cedear Vodafone Group Plc.,US$,BCBA,argentina,Acciones/CEDEARs,2026-08-29
VRSN,"Cedear Verisign, Inc.",AR$,BCBA,argentina,Acciones/CEDEARs,2026-08-29
VRSND,"Cedear Verisign, Inc.",US$,BCBA,argentina,Acciones/CEDEARs,2026-08-29
VRTX,Cedear Vertex Pharmaceuticals,AR$,BCBA,argentina,Acciones/CEDEARs,2026-08-29
VRTXD,Cedear Vertex Pharmaceuticals,US$,BCBA,argentina,Acciones/CEDEARs,2026-08-29
VS1VC,On Vista Energy S.A.U. Cl. Xxix 10/06/33 (Adic.),US$,BCBA,argentina,ObligacionesNegociables/Todas,2026-08-29
VS1VD,On Vista Energy S.A.U. Cl. Xxix 10/06/33 (Adic.),US$,BCBA,argentina,ObligacionesNegociables/Todas,2026-08-29
VS1VO,On Vista Energy S.A.U. Cl. Xxix 10/06/33 (Adic.),AR$,BCBA,argentina,ObligacionesNegociables/Todas,2026-08-29
VSCIC,On Vista Energy Cl 17 V06/12/26 Usdc,US$,BCBA,argentina,ObligacionesNegociables/Todas,2026-08-29
VSCID,On Vista Energy Cl 17 V06/12/26 U$S,US$,BCBA,argentina,ObligacionesNegociables/Todas,2026-08-29
VSCIO,On Vista Energy Cl 17 V06/12/26 U$S Cg,AR$,BCBA,argentina,ObligacionesNegociables/Todas,2026-08-29
VSCJC,On Vista Energy 18 V03/03/27 U$S Cg,US$,BCBA,argentina,ObligacionesNegociables/Todas,2026-08-29
VSCJD,On Vista Energy 18 V03/03/27 U$S Cg,US$,BCBA,argentina,ObligacionesNegociables/Todas,2026-08-29
VSCJO,On Vista Energy 18 V03/03/27 U$S Cg,AR$,BCBA,argentina,ObligacionesNegociables/Todas,2026-08-29
VSCKC,On Vista Energy 19 V03/03/28 U$S Cg,US$,BCBA,argentina,ObligacionesNegociables/Todas,2026-08-29
VSCKD,On Vista Energy 19 V03/03/28 U$S Cg,US$,BCBA,argentina,ObligacionesNegociables/Todas,2026-08-29
VSCKO,On Vista Energy 19 V03/03/28 U$S Cg,AR$,BCBA,argentina,ObligacionesNegociables/Todas,2026-08-29
VSCOD,On Vista Energy 23 V06/03/27 U$S Cg,US$,BCBA,argentina,ObligacionesNegociables/Todas,2026-08-29
VSCOO,On Vista Energy 23 V06/03/27 U$S Cg,AR$,BCBA,argentina,ObligacionesNegociables/Todas,2026-08-29
VSCPD,On Vista Energy Cl.24 V03/05/29 U$S Cg,US$,BCBA,argentina,ObligacionesNegociables/Todas,2026-08-29
VSCPO,On Vista Energy Cl.24 V03/05/29 U$S Cg,AR$,BCBA,argentina,ObligacionesNegociables/Todas,2026-08-29
VSCQD,On Vista Energy Cl.25 V08/07/28 U$S Cg,US$,BCBA,argentina,ObligacionesNegociables/Todas,2026-08-29
VSCQO,On Vista Energy Cl.25 V08/07/28 U$S Cg,AR$,BCBA,argentina,ObligacionesNegociables/Todas,2026-08-29
VSCRC,On Vista Energy Cl.26 V10/10/31 U$S Cg,US$,BCBA,argentina,ObligacionesNegociables/Todas,2026-08-29
VSCRD,On Vista Energy Cl.26 Vto. 10/10/31 U$S,US$,BCBA,argentina,ObligacionesNegociables/Todas,2026-08-29
VSCRO,On Vista Energy Cl.26 Vto. 10/10/31 U$S,AR$,BCBA,argentina,ObligacionesNegociables/Todas,2026-08-29
VSCTD,On Vista Energy Cl. Xxvii V.10/12/35,US$,BCBA,argentina,ObligacionesNegociables/Todas,2026-08-29
VSCTO,On Vista Energy Cl. Xxvii V.10/12/35,AR$,BCBA,argentina,ObligacionesNegociables/Todas,2026-08-29
VSCUC,On Vista Energy Cl.28 V07/03/30 U$S Cg,US$,BCBA,argentina,ObligacionesNegociables/Todas,2026-08-29
VSCUD,On Vista Energy Cl.28 V07/03/30 U$S Cg,US$,BCBA,argentina,ObligacionesNegociables/Todas,2026-08-29
VSCUO,On Vista Energy Cl.28 V07/03/30 U$S Cg,AR$,BCBA,argentina,ObligacionesNegociables/Todas,2026-08-29
VSCVC,Vista Energy A Regs 8.5% 10/06/33,US$,BCBA,argentina,ObligacionesNegociables/Todas,2026-08-29
VSCVD,Vista Energy A Regs 8.5% 10/06/33,US$,BCBA,argentina,ObligacionesNegociables/Todas,2026-08-29
VSCVO,Vista Energy A Regs 8.5% 10/06/33,AR$,BCBA,argentina,ObligacionesNegociables/Todas,2026-08-29
VSCWC,On Vista Energy Argentina Cl.30 15/03/27 Usd,US$,BCBA,argentina,ObligacionesNegociables/Todas,2026-08-29
VSCWD,On Vista Energy Argentina Cl.30 15/03/27 Usd,US$,BCBA,argentina,ObligacionesNegociables/Todas,2026-08-29
VSCWO,On Vista Energy Argentina Cl.30 15/03/27 Usd,AR$,BCBA,argentina,ObligacionesNegociables/Todas,2026-08-29
VSCXC,On Vista Energy Argent 7.875 08/04/38,US$,BCBA,argentina,ObligacionesNegociables/Todas,2026-08-29
VSCXD,On Vista Energy Argent 7.875 08/04/38,US$,BCBA,argentina,ObligacionesNegociables/Todas,2026-08-29
VSCXO,On Vista Energy Argent 7.875 08/04/38,AR$,BCBA,argentina,ObligacionesNegociables/Todas,2026-08-29
VSCYC,On Vista Energy Argentina Cl.32 16/01/28 Usd,US$,BCBA,argentina,ObligacionesNegociables/Todas,2026-08-29
VSCYD,On Vista Energy Argentina Cl.32 16/01/28 Usd,US$,BCBA,argentina,ObligacionesNegociables/Todas,2026-08-29
VSCYO,On Vista Energy Argentina Cl.32 16/01/28 Usd,AR$,BCBA,argentina,ObligacionesNegociables/Todas,2026-08-29
VSCZC,On Vista Energy Argentina Cl.33 16/07/29 Usd,US$,BCBA,argentina,ObligacionesNegociables/Todas,2026-08-29
VSCZD,On Vista Energy Argentina Cl.33 16/07/29 Usd,US$,BCBA,argentina,ObligacionesNegociables/Todas,2026-08-29
VSCZO,On Vista Energy Argentina Cl.33 16/07/29 Usd,AR$,BCBA,argentina,ObligacionesNegociables/Todas,2026-08-29
VST,Cedear Vistra Corporation,AR$,BCBA,argentina,Acciones/CEDEARs,2026-08-29
VSTD,Cedear Vistra Corporation,US$,BCBA,argentina,Acciones/CEDEARs,2026-08-29
VWCGO,On Volkswagen Financial Services Compañia Financiera Cl.15 18/06/27 $,AR$,BCBA,argentina,ObligacionesNegociables/Todas,2026-08-29
VWCHO,On Volkswagen Financial Services Compañia Financiera Cl.16 18/03/27 $,AR$,BCBA,argentina,ObligacionesNegociables/Todas,2026-08-29
VXX,Cedear Ipath Series B S&P 500 Vix Etf,AR$,BCBA,argentina,Acciones/CEDEARs,2026-08-29
VXXD,CEDEAR IPATH SERIES B S&P 500 VIX ETF USD,US$,BCBA,argentina,Acciones/CEDEARs,2026-08-29
VZ,Cedear Verizon Communications,AR$,BCBA,argentina,Acciones/CEDEARs,2026-08-29
VZC,Cedear Verizon Communications,US$,BCBA,argentina,Acciones/CEDEARs,2026-08-29
VZD,Cedear Verizon Communications,US$,BCBA,argentina,Acciones/CEDEARs,2026-08-29
WBO,Cedear Weibo Corporation,AR$,BCBA,argentina,Acciones/CEDEARs,2026-08-29
WBOD,Cedear Weibo Corporation,US$,BCBA,argentina,Acciones/CEDEARs,2026-08-29
WBS1C,On Banco Mariva S.1 29/09/26 Usd,US$,BCBA,argentina,ObligacionesNegociables/Todas,2026-08-29
WBS1D,On Banco Mariva S.1 29/09/26 Usd,US$,BCBA,argentina,ObligacionesNegociables/Todas,2026-08-29
WBS1O,On Banco Mariva S.1 29/09/26 Usd,AR$,BCBA,argentina,ObligacionesNegociables/Todas,2026-08-29
WBS3C,On Banco Mariva S.3 06/07/27 Usd,US$,BCBA,argentina,ObligacionesNegociables/Todas,2026-08-29
WBS3D,On Banco Mariva S.3 06/07/27 Usd,US$,BCBA,argentina,ObligacionesNegociables/Todas,2026-08-29
WBS3O,On Banco Mariva S.3 06/07/27 Usd,AR$,BCBA,argentina,ObligacionesNegociables/Todas,2026-08-29
WEGE3,Cedear Weg S.A.,AR$,BCBA,argentina,Acciones/CEDEARs,2026-08-29
WFC,Cedear Wells Fargo & Co,AR$,BCBA,argentina,Acciones/CEDEARs,2026-08-29
WFCC,Cedear Wells Fargo & Co,US$,BCBA,argentina,Acciones/CEDEARs,2026-08-29
WFCD,Cedear Wells Fargo & Co,US$,BCBA,argentina,Acciones/CEDEARs,2026-08-29
WMT,Cedear Walmart Inc.,AR$,BCBA,argentina,Acciones/CEDEARs,2026-08-29
WMTC,Cedear Walmart Inc.,US$,BCBA,argentina,Acciones/CEDEARs,2026-08-29
WMTD,Cedear Walmart Inc.,US$,BCBA,argentina,Acciones/CEDEARs,2026-08-29
X29E7,LETRA TESORO NACIONAL AJUSTABLE CER A DESCUENTO 29/01/27 $,AR$,BCBA,argentina,Letras/Todas,2026-08-29
X29E7 - VENTANA,X29E7 VENTANA,AR$,BCBA,argentina,Letras/Todas,2026-08-29
X30N6,Letra Tesoro Nacional Ajustable Cer A Descuento 30,AR$,BCBA,argentina,Letras/Todas,2026-08-29
X30S6,L Tesoro Nacio Aj Cer A Des 30/09/26 $,AR$,BCBA,argentina,Letras/Todas,2026-08-29
XBN26,Lt Prov. Buenos Aires Ajustable Cer A Descuento 19/11/26 $,AR$,BCBA,argentina,Letras/Todas,2026-08-29
XLB,Cedear State Street Materials Select Sector Spdr E,AR$,BCBA,argentina,Acciones/CEDEARs,2026-08-29
XLBC,Cedear The Materials Select Se,US$,BCBA,argentina,Acciones/CEDEARs,2026-08-29
XLBD,Cedear The Materials Select Sector Spdr,US$,BCBA,argentina,Acciones/CEDEARs,2026-08-29
XLC,Cedear State Street Communication Services Select,AR$,BCBA,argentina,Acciones/CEDEARs,2026-08-29
XLCC,Cedear The Communication Servi,US$,BCBA,argentina,Acciones/CEDEARs,2026-08-29
XLCD,Cedear The Communication Services,US$,BCBA,argentina,Acciones/CEDEARs,2026-08-29
XLE,Cedear Energy Select Sector Sp,AR$,BCBA,argentina,Acciones/CEDEARs,2026-08-29
XLEC,Cedear Energy Select Sector Sp,US$,BCBA,argentina,Acciones/CEDEARs,2026-08-29
XLED,Cedear Energy Select Sector Sp,US$,BCBA,argentina,Acciones/CEDEARs,2026-08-29
XLF,Cedear Financial Select Sector,AR$,BCBA,argentina,Acciones/CEDEARs,2026-08-29
XLFC,Cedear Financial Select Sector,US$,BCBA,argentina,Acciones/CEDEARs,2026-08-29
XLFD,Cedear Financial Select Sector,US$,BCBA,argentina,Acciones/CEDEARs,2026-08-29
XLI,Cedear State Street Industrial Select Sector Spdr,AR$,BCBA,argentina,Acciones/CEDEARs,2026-08-29
XLIC,Cedear The Industrial Select S,US$,BCBA,argentina,Acciones/CEDEARs,2026-08-29
XLID,Cedear The Industrial Select Sector Spdr,US$,BCBA,argentina,Acciones/CEDEARs,2026-08-29
XLK,Cedear State Street Technology Select Sector Spdr,AR$,BCBA,argentina,Acciones/CEDEARs,2026-08-29
XLKC,Cedear The Technology Select S,US$,BCBA,argentina,Acciones/CEDEARs,2026-08-29
XLKD,Cedear The Technology Select Sector Spdr,US$,BCBA,argentina,Acciones/CEDEARs,2026-08-29
XLP,Cedear State Street Consumer Staples Select Sector,AR$,BCBA,argentina,Acciones/CEDEARs,2026-08-29
XLPC,Cedear The Consumer Staples Select Sector Spdr,US$,BCBA,argentina,Acciones/CEDEARs,2026-08-29
XLPD,Cedear The Consumer Staples Select Sector Spdr,US$,BCBA,argentina,Acciones/CEDEARs,2026-08-29
XLRE,Cedear State Street Real Estate Select Sector Spdr,AR$,BCBA,argentina,Acciones/CEDEARs,2026-08-29
XLREC,Cedear The Real Estate Select,US$,BCBA,argentina,Acciones/CEDEARs,2026-08-29
XLRED,Cedear The Real Estate Select,US$,BCBA,argentina,Acciones/CEDEARs,2026-08-29
XLU,Cedear Utilities Select Sector,AR$,BCBA,argentina,Acciones/CEDEARs,2026-08-29
XLUD,Cedear Utilities Select Sector,US$,BCBA,argentina,Acciones/CEDEARs,2026-08-29
XLV,Cedear State Street Health Care Select Sector Spdr,AR$,BCBA,argentina,Acciones/CEDEARs,2026-08-29
XLVC,Cedear The Health Care Select,US$,BCBA,argentina,Acciones/CEDEARs,2026-08-29
XLVD,Cedear The Health Care Select Sector Spdr,US$,BCBA,argentina,Acciones/CEDEARs,2026-08-29
XLY,Cedear State Street Consumer Discretionary Select,AR$,BCBA,argentina,Acciones/CEDEARs,2026-08-29
XLYC,Cedear The Consumer Discretion,US$,BCBA,argentina,Acciones/CEDEARs,2026-08-29
XLYD,Cedear The Consumer Discretionary Select Sector,US$,BCBA,argentina,Acciones/CEDEARs,2026-08-29
XMC1D,On Minera Exar Cl.1 V.11/11/27 U$S Cg,US$,BCBA,argentina,ObligacionesNegociables/Todas,2026-08-29
XMC1O,On Exar Clase 1 Vt 11/11/2027,AR$,BCBA,argentina,ObligacionesNegociables/Todas,2026-08-29
XME,CEDEAR STATE STREET SPDR S&P METALS & MINING ETF,AR$,BCBA,argentina,Acciones/CEDEARs,2026-08-29
XMEC,Cedear State Street Spdr S&P Metals & Mining Etf,US$,BCBA,argentina,Acciones/CEDEARs,2026-08-29
XMED,Cedear State Street Spdr S&P Metals & Mining Etf,US$,BCBA,argentina,Acciones/CEDEARs,2026-08-29
XN6C,Letra Tesoro Nacional Ajustable Cer A Descuento 30,US$,BCBA,argentina,Letras/Todas,2026-08-29
XN6D,Letra Tesoro Nacional Ajustable Cer A Descuento 30 Usd,US$,BCBA,argentina,Letras/Todas,2026-08-29
XOM,Cedear Exxon Mobil Corporation,AR$,BCBA,argentina,Acciones/CEDEARs,2026-08-29
XOMC,Cedear Exxon Mobil Corporation,US$,BCBA,argentina,Acciones/CEDEARs,2026-08-29
XOMD,Cedear Exxon Mobil Corporation,US$,BCBA,argentina,Acciones/CEDEARs,2026-08-29
XP,Cedear Xp Inc.,AR$,BCBA,argentina,Acciones/CEDEARs,2026-08-29
XPC,Cedear Xp Inc.,US$,BCBA,argentina,Acciones/CEDEARs,2026-08-29
XPD,Cedear Xp Inc.,US$,BCBA,argentina,Acciones/CEDEARs,2026-08-29
XPEV,Cedear Xpeng Inc,AR$,BCBA,argentina,Acciones/CEDEARs,2026-08-29
XPEVD,Cedear Xpeng Inc,US$,BCBA,argentina,Acciones/CEDEARs,2026-08-29
XROX,Cedear  Xerox Corporation,AR$,BCBA,argentina,Acciones/CEDEARs,2026-08-29
XROXD,Cedear  Xerox Corporation,US$,BCBA,argentina,Acciones/CEDEARs,2026-08-29
XS6C,L Tesoro Nacio Aj Cer A Des 30/09/26 $,US$,BCBA,argentina,Letras/Todas,2026-08-29
XS6D,L Tesoro Nacio Aj Cer A Des 30/09/26 $,US$,BCBA,argentina,Letras/Todas,2026-08-29
XYZ,Cedear Block Inc.,AR$,BCBA,argentina,Acciones/CEDEARs,2026-08-29
XYZC,Cedear Block Inc.,US$,BCBA,argentina,Acciones/CEDEARs,2026-08-29
XYZD,Cedear Block Inc.,US$,BCBA,argentina,Acciones/CEDEARs,2026-08-29
YCAMD,"On Ypf Cl. 53 Regs 6,95% Vto. 21/07/2027",US$,BCBA,argentina,ObligacionesNegociables/Todas,2026-08-29
YCAMO,"On Ypf Cl. 53 Regs 6,95% Vto. 21/07/2027",AR$,BCBA,argentina,ObligacionesNegociables/Todas,2026-08-29
YELP,Cedear Yelp Inc.,AR$,BCBA,argentina,Acciones/CEDEARs,2026-08-29
YELPD,Cedear Yelp Inc.,US$,BCBA,argentina,Acciones/CEDEARs,2026-08-29
YFCDD,On Ypf Ener.Elec. C.12 V.29/08/26 U$S Cg,US$,BCBA,argentina,ObligacionesNegociables/Todas,2026-08-29
YFCDO,On Ypf Ener.Elec. C.12 V.29/08/26 U$S Cg,AR$,BCBA,argentina,ObligacionesNegociables/Todas,2026-08-29
YFCGD,On Ypf Ener.Elec. C.15 V.27/02/27 U$S Cg,US$,BCBA,argentina,ObligacionesNegociables/Todas,2026-08-29
YFCGO,On Ypf Ener.Elec. C.15 V.27/02/27 U$S Cg,AR$,BCBA,argentina,ObligacionesNegociables/Todas,2026-08-29
YFCID,On Ypf Energía Elec. Clase 17 Vto. 13/06/27 U$S,US$,BCBA,argentina,ObligacionesNegociables/Todas,2026-08-29
YFCIO,On Ypf Energía Elec. Clase 17 Vto. 13/06/27 U$S,AR$,BCBA,argentina,ObligacionesNegociables/Todas,2026-08-29
YFCJD,On Ypf Ener. Elec. Clase Xviii Vto. 16/10/32,US$,BCBA,argentina,ObligacionesNegociables/Todas,2026-08-29
YFCJO,On Ypf Ener. Elec. Clase Xviii Vto. 16/10/32,AR$,BCBA,argentina,ObligacionesNegociables/Todas,2026-08-29
YFCKD,On Ypf Ener.Elec. C.19 V.22/11/26 U$S Cg,US$,BCBA,argentina,ObligacionesNegociables/Todas,2026-08-29
YFCKO,On Ypf Ener.Elec. C.19 V.22/11/26 U$S Cg,AR$,BCBA,argentina,ObligacionesNegociables/Todas,2026-08-29
YFCLD,On Ypf Ener.Elec. C.20 V.22/11/28 U$S Cg,US$,BCBA,argentina,ObligacionesNegociables/Todas,2026-08-29
YFCLO,On Ypf Ener.Elec. C.20 V.22/11/28 U$S Cg,AR$,BCBA,argentina,ObligacionesNegociables/Todas,2026-08-29
YFCMD,On Ypf Ener.Elec. C.21 V.20/05/27 U$S Cg,US$,BCBA,argentina,ObligacionesNegociables/Todas,2026-08-29
YFCMO,On Ypf Ener.Elec. C.21 V.20/05/27 U$S Cg,AR$,BCBA,argentina,ObligacionesNegociables/Todas,2026-08-29
YFCNC,On Ypf Energã?A Electrica Cl.22 Usd,US$,BCBA,argentina,ObligacionesNegociables/Todas,2026-08-29
YFCND,ON YPF ENERGIA ELECTRICA CL.22 USD,US$,BCBA,argentina,ObligacionesNegociables/Todas,2026-08-29
YFCNO,ON YPF ENERGIA ELECTRICA CL.22 USD,AR$,BCBA,argentina,ObligacionesNegociables/Todas,2026-08-29
YFCOC,On Ypf Energia Electrica Cl.23 15/12/28 Usd,US$,BCBA,argentina,ObligacionesNegociables/Todas,2026-08-29
YFCOD,On Ypf Energia Electrica Cl.23 15/12/28 Usd,US$,BCBA,argentina,ObligacionesNegociables/Todas,2026-08-29
YFCOO,On Ypf Energia Electrica Cl.23 15/12/28 Usd,AR$,BCBA,argentina,ObligacionesNegociables/Todas,2026-08-29
YFCPD,ON YPF ENERGIA ELECTRICA CL.24 18/08/29 USD,US$,BCBA,argentina,ObligacionesNegociables/Todas,2026-08-29
YFCPO,ON YPF ENERGIA ELECTRICA CL.24 18/08/29 USD,AR$,BCBA,argentina,ObligacionesNegociables/Todas,2026-08-29
YM1XO,On Ypf S. A. Cl. Xxxi 11/09/31 (Adic.),AR$,BCBA,argentina,ObligacionesNegociables/Todas,2026-08-29
YM34C,On Ypf Cl. Xxxiv Regs 8.25% V 17/01/34,US$,BCBA,argentina,ObligacionesNegociables/Todas,2026-08-29
YM34D,On Ypf Cl. Xxxiv Regs 8.25% V 17/01/34,US$,BCBA,argentina,ObligacionesNegociables/Todas,2026-08-29
YM34O,On Ypf Cl. Xxxiv Regs 8.25% V 17/01/34,AR$,BCBA,argentina,ObligacionesNegociables/Todas,2026-08-29
YM35D,On Ypf Clase 35 Vto 27/02/27 U$S C.G,US$,BCBA,argentina,ObligacionesNegociables/Todas,2026-08-29
YM35O,On Ypf Clase 35 Vto 27/02/27 U$S C.G,AR$,BCBA,argentina,ObligacionesNegociables/Todas,2026-08-29
YM37D,On Ypf Clase 37 Vto 07/05/27 U$S C.G,US$,BCBA,argentina,ObligacionesNegociables/Todas,2026-08-29
YM37O,On Ypf Clase 37 Vto 07/05/27 U$S C.G,AR$,BCBA,argentina,ObligacionesNegociables/Todas,2026-08-29
YM38C,On Ypf Clase 38 Vto.22/07/2027 U$S Cg,US$,BCBA,argentina,ObligacionesNegociables/Todas,2026-08-29
YM38D,On Ypf Clase 38 Vto.22/07/2027 U$S Cg,US$,BCBA,argentina,ObligacionesNegociables/Todas,2026-08-29
YM38O,On Ypf Clase 38 Vto.22/07/2027 U$S Cg,AR$,BCBA,argentina,ObligacionesNegociables/Todas,2026-08-29
YM39C,On Ypf Clase 39 Vto 22/07/30 U$S Cg,US$,BCBA,argentina,ObligacionesNegociables/Todas,2026-08-29
YM39D,On Ypf Clase 39 Vto 22/07/30 U$S Cg,US$,BCBA,argentina,ObligacionesNegociables/Todas,2026-08-29
YM39O,On Ypf Clase 39 Vto 22/07/30 U$S Cg,AR$,BCBA,argentina,ObligacionesNegociables/Todas,2026-08-29
YM40C,On Ypf Cl40 V..28/08/2028 U$S Cg,US$,BCBA,argentina,ObligacionesNegociables/Todas,2026-08-29
YM40D,On Ypf Cl40 V..28/08/2028 U$S Cg,US$,BCBA,argentina,ObligacionesNegociables/Todas,2026-08-29
YM40O,On Ypf Cl40 V..28/08/2028 U$S Cg,AR$,BCBA,argentina,ObligacionesNegociables/Todas,2026-08-29
YM41C,On Ypf Cl.41 08/01/27 Usd,US$,BCBA,argentina,ObligacionesNegociables/Todas,2026-08-29
YM41D,On Ypf Cl.41 08/01/27 Usd,US$,BCBA,argentina,ObligacionesNegociables/Todas,2026-08-29
YM41O,On Ypf Cl.41 08/01/27 Usd,AR$,BCBA,argentina,ObligacionesNegociables/Todas,2026-08-29
YM42C,On Ym42o Vto 02/03/2029,US$,BCBA,argentina,ObligacionesNegociables/Todas,2026-08-29
YM42D,On Ym42o Vto 02/03/2029,US$,BCBA,argentina,ObligacionesNegociables/Todas,2026-08-29
YM42O,On Ym42o Vto 02/03/2029,AR$,BCBA,argentina,ObligacionesNegociables/Todas,2026-08-29
YM43C,On Ypf S. A. Cl.43 Vto. 14/04/30 Usd,US$,BCBA,argentina,ObligacionesNegociables/Todas,2026-08-29
YM43D,On Ypf S. A. Cl.43 Vto. 14/04/30 Usd,US$,BCBA,argentina,ObligacionesNegociables/Todas,2026-08-29
YM43O,On Ypf S. A. Cl.43 Vto. 14/04/30 Usd,AR$,BCBA,argentina,ObligacionesNegociables/Todas,2026-08-29
YMCIC,"On Ypf S.A. Regs 2,5% V.30/06/2029 Usdc",US$,BCBA,argentina,ObligacionesNegociables/Todas,2026-08-29
YMCID,Ypf S.A. - Clase Xvii- Vto. 30/6/2029,US$,BCBA,argentina,ObligacionesNegociables/Todas,2026-08-29
YMCIO,YPF S.A. - CLASE XVII- Vto. 30/6/2029,AR$,BCBA,argentina,ObligacionesNegociables/Todas,2026-08-29
YMCJC,"On Ypf S.A. Regs 1,5% V.30/09/2033 Usdc",US$,BCBA,argentina,ObligacionesNegociables/Todas,2026-08-29
YMCJD,Ypf S.A. - Clase Xviii- Vto. 30/9/2033,US$,BCBA,argentina,ObligacionesNegociables/Todas,2026-08-29
YMCJO,YPF S.A. - CLASE XVIII- Vto. 30/9/2033,AR$,BCBA,argentina,ObligacionesNegociables/Todas,2026-08-29
YMCRO,On Ypf Clase 26 U$S Vto. 12/09/28,AR$,BCBA,argentina,ObligacionesNegociables/Todas,2026-08-29
YMCTD,On Ypf Cl. 27 Vto10/10/26 U$S Cg Ef,US$,BCBA,argentina,ObligacionesNegociables/Todas,2026-08-29
YMCTO,On Ypf Cl. 27 Vto10/10/26,AR$,BCBA,argentina,ObligacionesNegociables/Todas,2026-08-29
YMCUO,On Ypf Sociedad Anonim 9.5 % Vto. 17/01/31,AR$,BCBA,argentina,ObligacionesNegociables/Todas,2026-08-29
YMCXC,"On Ypf Sociedad 8,75% Vto. 11/09/31",US$,BCBA,argentina,ObligacionesNegociables/Todas,2026-08-29
YMCXD,"On Ypf Sociedad 8,75% Vto. 11/09/31",US$,BCBA,argentina,ObligacionesNegociables/Todas,2026-08-29
YMCXO,"On Ypf Sociedad 8,75% Vto. 11/09/31",AR$,BCBA,argentina,ObligacionesNegociables/Todas,2026-08-29
YMCYD,On Ypf Clase 32 Hard Dolar Vt 10/10/28,US$,BCBA,argentina,ObligacionesNegociables/Todas,2026-08-29
YMCYO,On Ypf Clase 32 Hard Dolar Vt 10/10/28,AR$,BCBA,argentina,ObligacionesNegociables/Todas,2026-08-29
YMCZD,On Ypf Clase 33 U$S Vto. 10/10/28,US$,BCBA,argentina,ObligacionesNegociables/Todas,2026-08-29
YMCZO,On Ypf Clase 33 U$S Vto. 10/10/28,AR$,BCBA,argentina,ObligacionesNegociables/Todas,2026-08-29
YPFD,YPF,AR$,BCBA,argentina,Acciones/Merval | Acciones/Merval 25 | Acciones/Merval Argentina | Acciones/Burcap,2026-08-29
YPFDD,Ypf,US$,BCBA,argentina,Acciones/Merval Argentina,2026-08-29
ZM,Cedear Zoom Communications Inc,AR$,BCBA,argentina,Acciones/CEDEARs,2026-08-29
ZMC,Cedear Zoom Communications Inc,US$,BCBA,argentina,Acciones/CEDEARs,2026-08-29
ZMD,Cedear Zoom Communications Inc,US$,BCBA,argentina,Acciones/CEDEARs,2026-08-29
ZPC1O,On Plaza Logistica Cl.1 V02/12/26 $ Cg,AR$,BCBA,argentina,ObligacionesNegociables/Todas,2026-08-29
ZPC2D,On Plaza Logistica Cl.2 V02/06/27 U$S Cg,US$,BCBA,argentina,ObligacionesNegociables/Todas,2026-08-29
ZPC2O,On Plaza Logistica Cl.2 V02/06/27 U$S Cg,AR$,BCBA,argentina,ObligacionesNegociables/Todas,2026-08-29
ZPC3C,On Plaza Logistica Cl.3 V03/09/27 U$S Cg,US$,BCBA,argentina,ObligacionesNegociables/Todas,2026-08-29
ZPC3D,On Plaza Logistica Cl.3 V03/09/27 U$S Cg,US$,BCBA,argentina,ObligacionesNegociables/Todas,2026-08-29
ZPC3O,On Plaza Logistica Cl.3 V03/09/27 U$S Cg,AR$,BCBA,argentina,ObligacionesNegociables/Todas,2026-08-29
ZPC4C,On Plaza Logistica Cl.4 04/03/29 Uva,AR$,BCBA,argentina,ObligacionesNegociables/Todas,2026-08-29
ZPC4D,On Plaza Logistica Cl.4 04/03/29 Uva,AR$,BCBA,argentina,ObligacionesNegociables/Todas,2026-08-29
ZPC4O,On Plaza Logistica Cl.4 04/03/29 Uva,AR$,BCBA,argentina,ObligacionesNegociables/Todas,2026-08-29
ZPC5C,On Plaza Logistica Cl.5 26/06/29 Usd,US$,BCBA,argentina,ObligacionesNegociables/Todas,2026-08-29
ZPC5D,On Plaza Logistica Cl.5 26/06/29 Usd,US$,BCBA,argentina,ObligacionesNegociables/Todas,2026-08-29
ZPC5O,On Plaza Logistica Cl.5 26/06/29 Usd,AR$,BCBA,argentina,ObligacionesNegociables/Todas,2026-08-29
ZZC1D,On Camuzzi Cl.1  V.21/02/27 U$S Cg,US$,BCBA,argentina,ObligacionesNegociables/Todas,2026-08-29
ZZC1O,On Camuzzi Cl.1  V.21/02/27 U$S Cg,AR$,BCBA,argentina,ObligacionesNegociables/Todas,2026-08-29
